期数,日期,实际号码,TOP15预测,预测概率,倍数,投注金额,是否命中,单期盈亏,累计盈亏,近期命中率
1,2025/5/4,10,"[3, 23, 20, 18, 1, 47, 26, 6, 36, 27, 46, 32, 31, 34, 42]",0.3300,1.00,15.0,否,-15.0,-15.0,0.0000
2,2025/5/5,49,"[3, 23, 38, 20, 18, 1, 47, 26, 6, 27, 36, 46, 32, 31, 34]",0.2040,1.00,15.0,否,-15.0,-30.0,0.0000
3,2025/5/6,2,"[3, 23, 28, 38, 18, 47, 1, 20, 26, 6, 27, 36, 46, 32, 31]",0.2100,1.00,15.0,否,-15.0,-45.0,0.0000
4,2025/5/7,49,"[3, 6, 1, 47, 46, 4, 38, 5, 24, 23, 42, 18, 20, 26, 7]",0.2160,1.50,22.5,否,-22.5,-67.5,0.0000
5,2025/5/8,13,"[3, 6, 1, 46, 47, 4, 38, 5, 23, 24, 42, 18, 20, 26, 7]",0.2220,2.50,37.5,否,-37.5,-105.0,0.0000
6,2025/5/9,40,"[3, 45, 6, 1, 47, 46, 4, 38, 5, 23, 24, 18, 42, 20, 26]",0.2280,4.00,60.0,否,-60.0,-165.0,0.0000
7,2025/5/10,23,"[3, 10, 45, 1, 6, 46, 47, 4, 24, 23, 38, 18, 42, 26, 28]",0.2280,5.00,75.0,是,160.0,-5.0,0.1429
8,2025/5/11,47,"[10, 3, 45, 1, 6, 46, 47, 4, 24, 38, 18, 27, 5, 26, 33]",0.2511,1.00,15.0,是,32.0,27.0,0.2500
9,2025/5/12,2,"[2, 10, 3, 45, 6, 46, 1, 38, 24, 18, 27, 4, 5, 33, 26]",0.2900,1.00,15.0,是,32.0,59.0,0.3333
10,2025/5/13,10,"[10, 3, 45, 6, 49, 46, 1, 4, 38, 24, 18, 27, 5, 26, 7]",0.3193,1.00,15.0,是,32.0,91.0,0.4000
11,2025/5/14,14,"[3, 45, 6, 49, 1, 46, 4, 13, 5, 24, 38, 33, 18, 26, 7]",0.3420,1.00,15.0,否,-15.0,76.0,0.3636
12,2025/5/15,37,"[3, 45, 49, 1, 46, 40, 6, 4, 13, 5, 24, 38, 33, 18, 26]",0.3495,1.00,15.0,否,-15.0,61.0,0.3333
13,2025/5/16,9,"[3, 45, 49, 1, 46, 40, 6, 4, 5, 23, 13, 24, 38, 33, 18]",0.3433,2.00,30.0,否,-30.0,31.0,0.3077
14,2025/5/17,36,"[3, 47, 45, 49, 1, 40, 46, 4, 6, 23, 5, 13, 24, 33, 38]",0.3391,3.00,45.0,否,-45.0,-14.0,0.2857
15,2025/5/18,41,"[2, 3, 47, 45, 49, 1, 40, 23, 4, 46, 13, 5, 24, 38, 6]",0.3363,5.00,75.0,否,-75.0,-89.0,0.2667
16,2025/5/19,14,"[2, 10, 3, 47, 45, 49, 1, 40, 23, 4, 13, 46, 24, 38, 28]",0.3347,8.00,120.0,否,-120.0,-209.0,0.2500
17,2025/5/20,11,"[2, 10, 47, 3, 45, 49, 1, 23, 40, 4, 13, 46, 24, 38, 28]",0.3280,10.00,150.0,否,-150.0,-359.0,0.2353
18,2025/5/21,13,"[2, 10, 47, 3, 45, 49, 1, 40, 23, 4, 13, 46, 24, 38, 28]",0.3071,10.00,150.0,是,320.0,-39.0,0.2778
19,2025/5/22,44,"[2, 10, 23, 24, 9, 28, 37, 3, 38, 33, 47, 45, 49, 40, 15]",0.2901,1.00,15.0,否,-15.0,-54.0,0.2632
20,2025/5/23,10,"[10, 2, 23, 36, 24, 9, 28, 37, 3, 38, 33, 47, 49, 40, 15]",0.2793,1.00,15.0,是,32.0,-22.0,0.3000
21,2025/5/24,25,"[9, 23, 2, 36, 24, 28, 37, 3, 41, 38, 33, 47, 49, 40, 15]",0.2840,1.00,15.0,否,-15.0,-37.0,0.3000
22,2025/5/25,17,"[14, 9, 2, 23, 36, 24, 37, 28, 3, 41, 33, 47, 49, 40, 15]",0.2940,1.00,15.0,否,-15.0,-52.0,0.3000
23,2025/5/26,14,"[14, 9, 2, 11, 23, 36, 24, 41, 33, 47, 28, 37, 49, 1, 40]",0.3000,2.00,30.0,是,64.0,12.0,0.3500
24,2025/5/27,32,"[13, 11, 2, 36, 9, 23, 24, 41, 33, 28, 47, 37, 49, 1, 40]",0.3190,1.00,15.0,否,-15.0,-3.0,0.3500
25,2025/5/28,2,"[13, 11, 2, 9, 23, 36, 41, 24, 44, 28, 37, 49, 33, 1, 40]",0.3290,1.00,15.0,是,32.0,29.0,0.4000
26,2025/5/29,41,"[10, 13, 11, 9, 23, 24, 44, 28, 36, 49, 37, 33, 41, 1, 40]",0.3540,1.00,15.0,是,32.0,61.0,0.4500
27,2025/5/30,40,"[10, 13, 11, 25, 9, 23, 24, 44, 28, 36, 49, 37, 33, 40, 1]",0.3850,1.00,15.0,是,32.0,93.0,0.4500
28,2025/5/31,38,"[10, 9, 49, 44, 1, 3, 13, 47, 4, 11, 45, 23, 25, 36, 6]",0.4110,1.50,22.5,否,-22.5,70.5,0.4000
29,2025/6/1,10,"[10, 9, 49, 44, 3, 14, 1, 47, 13, 4, 45, 25, 23, 36, 6]",0.3940,1.00,15.0,是,32.0,102.5,0.4000
30,2025/6/2,43,"[9, 44, 3, 49, 14, 1, 47, 13, 4, 45, 5, 25, 23, 32, 6]",0.4140,1.50,22.5,否,-22.5,80.0,0.3500
31,2025/6/3,26,"[2, 9, 3, 44, 49, 14, 1, 47, 4, 13, 25, 23, 32, 6, 17]",0.3890,1.00,15.0,否,-15.0,65.0,0.3500
32,2025/6/4,45,"[2, 9, 41, 3, 44, 14, 49, 1, 47, 13, 4, 25, 32, 23, 17]",0.3950,2.00,30.0,否,-30.0,35.0,0.3500
33,2025/6/5,18,"[2, 9, 40, 41, 44, 14, 3, 1, 47, 13, 4, 25, 32, 49, 23]",0.4010,4.50,67.5,否,-67.5,-32.5,0.3500
34,2025/6/6,23,"[2, 9, 40, 41, 14, 44, 3, 1, 4, 47, 13, 25, 32, 49, 23]",0.3770,5.00,75.0,是,160.0,127.5,0.4000
35,2025/6/7,5,"[10, 2, 9, 40, 41, 14, 3, 1, 44, 47, 25, 13, 32, 17, 4]",0.3840,1.00,15.0,否,-15.0,112.5,0.4000
36,2025/6/8,31,"[10, 2, 40, 9, 41, 43, 14, 3, 1, 44, 25, 47, 11, 32, 17]",0.3640,1.00,15.0,否,-15.0,97.5,0.4000
37,2025/6/9,11,"[10, 2, 9, 41, 43, 40, 14, 3, 1, 44, 26, 11, 47, 32, 25]",0.3400,2.00,30.0,是,64.0,161.5,0.4500
38,2025/6/10,16,"[10, 14, 26, 2, 17, 9, 25, 38, 13, 32, 43, 41, 45, 36, 40]",0.3290,1.00,15.0,否,-15.0,146.5,0.4000
39,2025/6/11,1,"[10, 18, 2, 14, 26, 17, 25, 13, 9, 32, 43, 41, 45, 38, 36]",0.3340,1.00,15.0,否,-15.0,131.5,0.4000
40,2025/6/12,23,"[10, 18, 23, 14, 2, 26, 17, 13, 9, 25, 41, 43, 32, 45, 38]",0.3100,2.00,30.0,是,64.0,195.5,0.4000
41,2025/6/13,13,"[5, 18, 10, 14, 26, 2, 17, 25, 13, 41, 32, 45, 38, 9, 36]",0.3240,1.00,15.0,是,32.0,227.5,0.4500
42,2025/6/14,47,"[5, 18, 10, 17, 31, 26, 14, 2, 25, 32, 45, 41, 9, 38, 36]",0.3550,1.00,15.0,否,-15.0,212.5,0.4500
43,2025/6/15,41,"[11, 5, 10, 18, 17, 31, 26, 14, 2, 25, 32, 41, 38, 9, 43]",0.3690,1.00,15.0,是,32.0,244.5,0.4500
44,2025/6/16,9,"[11, 5, 16, 10, 17, 31, 2, 26, 14, 25, 18, 32, 43, 38, 36]",0.3890,1.00,15.0,否,-15.0,229.5,0.4500
45,2025/6/17,16,"[1, 5, 10, 2, 43, 11, 45, 3, 40, 44, 14, 26, 31, 25, 16]",0.3690,1.00,15.0,是,32.0,261.5,0.4500
46,2025/6/18,7,"[1, 11, 23, 10, 18, 17, 31, 2, 14, 26, 25, 5, 32, 38, 40]",0.3890,1.00,15.0,否,-15.0,246.5,0.4000
47,2025/6/19,33,"[1, 10, 5, 2, 11, 13, 23, 45, 43, 3, 40, 44, 31, 26, 25]",0.3940,1.00,15.0,否,-15.0,231.5,0.3500
48,2025/6/20,47,"[1, 10, 5, 2, 47, 13, 23, 43, 11, 3, 40, 45, 44, 31, 26]",0.3650,2.00,30.0,是,64.0,295.5,0.4000
49,2025/6/21,36,"[1, 10, 5, 2, 41, 23, 43, 11, 13, 3, 40, 45, 44, 31, 26]",0.3840,1.00,15.0,否,-15.0,280.5,0.3500
50,2025/6/22,38,"[1, 10, 9, 5, 2, 41, 23, 11, 43, 13, 45, 40, 31, 26, 25]",0.3890,1.00,15.0,否,-15.0,265.5,0.3500
51,2025/6/23,39,"[1, 9, 5, 41, 2, 10, 16, 43, 23, 11, 45, 40, 31, 26, 13]",0.3650,2.00,30.0,否,-30.0,235.5,0.3500
52,2025/6/24,30,"[1, 7, 9, 5, 41, 2, 16, 10, 23, 43, 11, 45, 40, 26, 31]",0.3410,3.00,45.0,否,-45.0,190.5,0.3500
53,2025/6/25,36,"[16, 23, 1, 41, 5, 33, 7, 2, 9, 26, 13, 11, 31, 18, 14]",0.3470,5.00,75.0,否,-75.0,115.5,0.3500
54,2025/6/26,4,"[16, 23, 1, 47, 33, 18, 7, 5, 9, 2, 26, 13, 41, 11, 31]",0.3230,8.00,120.0,否,-120.0,-4.5,0.3000
55,2025/6/27,27,"[16, 23, 1, 33, 47, 18, 5, 7, 2, 26, 41, 13, 11, 31, 9]",0.3180,10.00,150.0,否,-150.0,-154.5,0.3000
56,2025/6/28,24,"[16, 7, 38, 23, 1, 33, 5, 47, 18, 13, 26, 41, 11, 9, 31]",0.2880,10.00,150.0,否,-150.0,-304.5,0.3000
57,2025/6/29,29,"[16, 38, 1, 7, 23, 33, 5, 47, 18, 39, 11, 26, 13, 9, 31]",0.2880,10.00,150.0,否,-150.0,-454.5,0.2500
58,2025/6/30,23,"[16, 30, 38, 7, 1, 23, 5, 47, 18, 39, 11, 33, 26, 13, 9]",0.2830,10.00,150.0,是,320.0,-134.5,0.3000
59,2025/7/1,42,"[16, 36, 30, 7, 1, 5, 18, 38, 26, 47, 33, 11, 39, 31, 13]",0.2540,1.00,15.0,否,-15.0,-149.5,0.3000
60,2025/7/2,33,"[16, 4, 30, 36, 1, 5, 38, 18, 47, 33, 11, 26, 39, 13, 31]",0.2640,1.00,15.0,是,32.0,-117.5,0.3000
61,2025/7/3,28,"[4, 27, 16, 36, 30, 1, 5, 18, 11, 47, 39, 26, 13, 7, 31]",0.2840,1.00,15.0,否,-15.0,-132.5,0.2500
62,2025/7/4,5,"[4, 24, 27, 16, 1, 36, 30, 5, 18, 47, 11, 13, 7, 31, 9]",0.2890,1.00,15.0,是,32.0,-100.5,0.3000
63,2025/7/5,8,"[4, 24, 27, 16, 29, 36, 1, 7, 30, 18, 47, 13, 11, 9, 31]",0.3140,1.00,15.0,否,-15.0,-115.5,0.2500
64,2025/7/6,45,"[23, 4, 24, 16, 27, 1, 29, 7, 36, 30, 13, 11, 47, 31, 9]",0.3190,1.00,15.0,否,-15.0,-130.5,0.2500
65,2025/7/7,15,"[23, 24, 16, 4, 27, 29, 1, 7, 36, 30, 13, 11, 42, 47, 31]",0.3250,2.00,30.0,否,-30.0,-160.5,0.2000
66,2025/7/8,17,"[23, 16, 24, 33, 4, 29, 27, 1, 7, 30, 36, 13, 42, 11, 47]",0.3260,3.00,45.0,否,-45.0,-205.5,0.2000
67,2025/7/9,18,"[23, 16, 33, 4, 28, 24, 29, 27, 1, 7, 36, 30, 42, 11, 47]",0.3320,5.00,75.0,否,-75.0,-280.5,0.2000
68,2025/7/10,29,"[23, 5, 16, 33, 4, 28, 24, 27, 1, 29, 36, 30, 42, 47, 13]",0.3380,8.00,120.0,是,256.0,-24.5,0.2000
69,2025/7/11,45,"[5, 23, 33, 4, 28, 16, 24, 27, 8, 1, 36, 30, 42, 47, 13]",0.3040,1.00,15.0,否,-15.0,-39.5,0.2000
70,2025/7/12,24,"[5, 23, 33, 28, 16, 4, 24, 27, 7, 8, 36, 30, 13, 47, 38]",0.3140,1.00,15.0,是,32.0,-7.5,0.2500
71,2025/7/13,29,"[5, 15, 33, 28, 4, 23, 7, 8, 27, 16, 36, 30, 13, 47, 38]",0.3090,1.00,15.0,否,-15.0,-22.5,0.2500
72,2025/7/14,25,"[5, 15, 17, 33, 23, 4, 8, 27, 28, 16, 7, 36, 30, 47, 38]",0.3190,1.00,15.0,否,-15.0,-37.5,0.2500
73,2025/7/15,14,"[15, 17, 18, 5, 33, 4, 23, 8, 16, 27, 28, 7, 36, 30, 38]",0.2950,2.00,30.0,否,-30.0,-67.5,0.2500
74,2025/7/16,34,"[15, 17, 18, 5, 4, 33, 23, 28, 16, 27, 7, 36, 30, 8, 38]",0.3010,3.00,45.0,否,-45.0,-112.5,0.2500
75,2025/7/17,43,"[15, 17, 18, 5, 33, 4, 45, 23, 28, 16, 27, 7, 36, 30, 8]",0.3070,5.00,75.0,否,-75.0,-187.5,0.2500
76,2025/7/18,10,"[24, 17, 15, 18, 5, 4, 33, 45, 23, 27, 28, 7, 36, 30, 8]",0.3130,8.00,120.0,否,-120.0,-307.5,0.2500
77,2025/7/19,47,"[29, 24, 15, 18, 17, 5, 4, 8, 45, 33, 23, 27, 28, 36, 30]",0.3130,10.00,150.0,否,-150.0,-457.5,0.2500
78,2025/7/20,47,"[29, 24, 15, 17, 18, 25, 4, 8, 45, 5, 23, 27, 28, 36, 33]",0.3130,10.00,150.0,否,-150.0,-607.5,0.2000
79,2025/7/21,20,"[4, 5, 8, 45, 1, 29, 24, 14, 2, 42, 15, 23, 7, 3, 17]",0.2780,10.00,150.0,否,-150.0,-757.5,0.2000
80,2025/7/22,18,"[29, 14, 24, 15, 17, 25, 18, 5, 34, 23, 4, 8, 27, 45, 28]",0.2780,10.00,150.0,是,320.0,-437.5,0.2000
81,2025/7/25,30,"[29, 14, 24, 25, 17, 15, 34, 5, 23, 4, 8, 43, 28, 45, 27]",0.2440,1.00,15.0,否,-15.0,-452.5,0.2000
82,2025/7/26,1,"[29, 24, 14, 25, 15, 34, 10, 17, 5, 4, 8, 23, 43, 45, 28]",0.2540,1.00,15.0,否,-15.0,-467.5,0.1500
83,2025/7/27,10,"[10, 5, 4, 8, 45, 43, 14, 29, 2, 42, 24, 15, 34, 23, 3]",0.2550,2.00,30.0,是,64.0,-403.5,0.2000
84,2025/7/28,24,"[5, 4, 8, 47, 45, 43, 29, 2, 14, 24, 42, 3, 15, 34, 7]",0.2740,1.00,15.0,是,32.0,-371.5,0.2500
85,2025/7/29,9,"[5, 8, 47, 45, 43, 2, 4, 3, 29, 14, 42, 15, 25, 34, 20]",0.3050,1.00,15.0,否,-15.0,-386.5,0.2500
86,2025/7/30,13,"[5, 8, 47, 45, 18, 43, 2, 4, 3, 14, 29, 42, 25, 34, 7]",0.3190,1.00,15.0,否,-15.0,-401.5,0.2500
87,2025/7/31,15,"[5, 8, 47, 45, 18, 43, 2, 4, 3, 14, 42, 29, 25, 34, 20]",0.3250,2.00,30.0,否,-30.0,-431.5,0.2500
88,2025/8/1,2,"[18, 1, 20, 29, 30, 17, 47, 14, 8, 5, 25, 23, 34, 28, 45]",0.3310,3.00,45.0,否,-45.0,-476.5,0.2000
89,2025/8/2,18,"[18, 10, 1, 20, 29, 30, 17, 25, 5, 14, 34, 28, 47, 45, 33]",0.3320,5.00,75.0,是,160.0,-316.5,0.2500
90,2025/8/3,11,"[10, 1, 24, 20, 29, 17, 30, 25, 14, 5, 47, 28, 45, 34, 33]",0.3390,1.00,15.0,否,-15.0,-331.5,0.2000
91,2025/8/4,15,"[10, 1, 24, 29, 20, 30, 17, 9, 25, 14, 5, 47, 34, 45, 28]",0.3140,1.00,15.0,否,-15.0,-346.5,0.2000
92,2025/8/5,21,"[10, 1, 24, 13, 29, 20, 9, 17, 25, 30, 5, 14, 47, 34, 45]",0.3200,2.00,30.0,否,-30.0,-376.5,0.2000
93,2025/8/6,23,"[10, 24, 13, 29, 1, 20, 9, 17, 25, 30, 14, 8, 47, 34, 45]",0.3260,3.00,45.0,否,-45.0,-421.5,0.2000
94,2025/8/7,46,"[2, 24, 13, 10, 29, 1, 20, 9, 25, 17, 30, 14, 34, 45, 47]",0.3020,5.00,75.0,否,-75.0,-496.5,0.2000
95,2025/8/8,23,"[18, 2, 24, 13, 10, 29, 1, 9, 25, 17, 30, 14, 20, 34, 47]",0.2780,8.00,120.0,否,-120.0,-616.5,0.2000
96,2025/8/9,9,"[18, 2, 24, 11, 10, 13, 29, 1, 25, 30, 14, 20, 34, 9, 47]",0.2780,10.00,150.0,是,320.0,-296.5,0.2500
97,2025/8/10,8,"[15, 18, 2, 10, 24, 11, 1, 29, 13, 25, 30, 20, 34, 47, 14]",0.2790,1.00,15.0,否,-15.0,-311.5,0.2500
98,2025/8/11,8,"[15, 18, 2, 10, 24, 11, 21, 1, 29, 13, 30, 25, 20, 34, 47]",0.2890,1.00,15.0,否,-15.0,-326.5,0.2500
99,2025/8/12,43,"[15, 18, 11, 24, 10, 21, 2, 1, 13, 25, 30, 20, 34, 29, 47]",0.2950,2.00,30.0,否,-30.0,-356.5,0.2500
100,2025/8/13,25,"[10, 2, 1, 47, 46, 4, 15, 3, 18, 24, 21, 5, 11, 13, 41]",0.2710,3.00,45.0,否,-45.0,-401.5,0.2000
101,2025/8/14,16,"[10, 2, 1, 47, 46, 4, 3, 15, 23, 18, 21, 5, 24, 11, 13]",0.2720,5.00,75.0,否,-75.0,-476.5,0.2000
102,2025/8/15,32,"[9, 10, 2, 1, 46, 47, 3, 15, 23, 18, 21, 4, 5, 24, 11]",0.2780,8.00,120.0,否,-120.0,-596.5,0.2000
103,2025/8/16,31,"[9, 10, 2, 1, 46, 47, 3, 15, 23, 18, 21, 4, 5, 24, 11]",0.2780,10.00,150.0,否,-150.0,-746.5,0.1500
104,2025/8/17,40,"[8, 9, 10, 1, 2, 46, 47, 15, 23, 18, 21, 4, 5, 3, 24]",0.2730,10.00,150.0,否,-150.0,-896.5,0.1000
105,2025/8/18,15,"[8, 9, 10, 1, 43, 2, 46, 47, 15, 23, 18, 21, 5, 3, 24]",0.2680,10.00,150.0,是,320.0,-576.5,0.1500
106,2025/8/19,2,"[8, 9, 10, 1, 2, 43, 47, 46, 23, 18, 21, 11, 5, 3, 24]",0.2690,1.00,15.0,是,32.0,-544.5,0.2000
107,2025/8/20,39,"[8, 9, 1, 10, 43, 47, 46, 3, 23, 18, 21, 11, 5, 16, 24]",0.2700,1.00,15.0,否,-15.0,-559.5,0.2000
108,2025/8/21,38,"[8, 16, 18, 23, 9, 25, 32, 1, 21, 11, 24, 13, 43, 10, 30]",0.2840,1.00,15.0,否,-15.0,-574.5,0.2000
109,2025/8/22,42,"[16, 8, 18, 23, 9, 25, 31, 32, 1, 21, 11, 24, 13, 43, 30]",0.2900,2.00,30.0,否,-30.0,-604.5,0.1500
110,2025/8/23,37,"[16, 8, 18, 23, 9, 25, 31, 32, 21, 1, 11, 40, 13, 24, 30]",0.2910,3.00,45.0,否,-45.0,-649.5,0.1500
111,2025/8/24,13,"[15, 16, 8, 9, 23, 31, 32, 21, 25, 1, 11, 40, 13, 18, 24]",0.2970,5.00,75.0,是,160.0,-489.5,0.2000
112,2025/8/25,42,"[15, 2, 8, 16, 23, 31, 9, 32, 18, 21, 25, 40, 11, 24, 1]",0.3040,1.00,15.0,否,-15.0,-504.5,0.2000
113,2025/8/26,39,"[2, 15, 16, 8, 23, 31, 18, 9, 25, 39, 21, 11, 40, 32, 24]",0.3140,1.00,15.0,是,32.0,-472.5,0.2500
114,2025/8/27,2,"[2, 15, 16, 23, 8, 18, 9, 25, 38, 21, 40, 11, 31, 32, 24]",0.3390,1.00,15.0,是,32.0,-440.5,0.3000
115,2025/8/28,46,"[15, 16, 23, 8, 9, 25, 21, 38, 18, 11, 31, 32, 40, 43, 1]",0.3700,1.00,15.0,否,-15.0,-455.5,0.3000
116,2025/8/29,4,"[8, 9, 1, 43, 15, 40, 3, 4, 23, 31, 21, 32, 11, 2, 25]",0.3540,1.00,15.0,是,32.0,-423.5,0.3000
117,2025/8/30,28,"[8, 9, 1, 43, 40, 3, 15, 5, 23, 31, 32, 13, 21, 11, 25]",0.3440,1.00,15.0,否,-15.0,-438.5,0.3000
118,2025/8/31,1,"[8, 9, 42, 1, 40, 43, 3, 15, 5, 23, 31, 13, 11, 25, 10]",0.3540,1.00,15.0,是,32.0,-406.5,0.3500
119,2025/9/1,34,"[8, 9, 42, 3, 40, 5, 43, 15, 39, 6, 23, 11, 13, 25, 10]",0.3790,1.00,15.0,否,-15.0,-421.5,0.3500
120,2025/9/2,8,"[2, 8, 9, 42, 3, 15, 43, 5, 39, 40, 23, 11, 25, 13, 41]",0.3890,1.00,15.0,是,32.0,-389.5,0.4000
121,2025/9/3,24,"[2, 9, 42, 46, 3, 5, 43, 39, 13, 6, 15, 40, 25, 23, 10]",0.4140,1.50,22.5,否,-22.5,-412.0,0.4000
122,2025/9/4,44,"[2, 4, 42, 9, 46, 3, 5, 43, 13, 39, 40, 15, 23, 25, 31]",0.3940,1.00,15.0,否,-15.0,-427.0,0.4000
123,2025/9/5,6,"[2, 4, 46, 9, 42, 3, 39, 5, 13, 43, 40, 28, 15, 25, 23]",0.4000,3.00,45.0,否,-45.0,-472.0,0.4000
124,2025/9/6,25,"[2, 1, 4, 46, 42, 9, 3, 13, 39, 43, 28, 40, 15, 25, 31]",0.3760,3.00,45.0,是,96.0,-376.0,0.4500
125,2025/9/7,12,"[1, 2, 4, 9, 42, 46, 3, 13, 28, 39, 40, 43, 15, 31, 34]",0.3590,1.00,15.0,否,-15.0,-391.0,0.4000
126,2025/9/8,35,"[8, 1, 2, 4, 42, 9, 46, 13, 28, 39, 43, 40, 15, 31, 3]",0.3640,1.00,15.0,否,-15.0,-406.0,0.3500
127,2025/9/9,23,"[8, 1, 24, 2, 28, 15, 34, 13, 16, 39, 31, 42, 4, 32, 37]",0.3350,2.00,30.0,否,-30.0,-436.0,0.3500
128,2025/9/10,33,"[8, 1, 24, 2, 15, 28, 34, 16, 13, 39, 31, 44, 4, 42, 32]",0.3410,3.00,45.0,否,-45.0,-481.0,0.3500
129,2025/9/11,17,"[2, 24, 1, 15, 4, 6, 28, 34, 8, 16, 13, 39, 44, 42, 31]",0.3170,5.00,75.0,否,-75.0,-556.0,0.3500
130,2025/9/12,42,"[25, 24, 2, 1, 15, 4, 6, 28, 8, 16, 13, 44, 39, 34, 31]",0.3230,8.00,120.0,否,-120.0,-676.0,0.3500
131,2025/9/13,48,"[12, 24, 25, 1, 2, 4, 6, 15, 28, 16, 13, 44, 39, 34, 8]",0.2930,10.00,150.0,否,-150.0,-826.0,0.3000
132,2025/9/14,28,"[12, 25, 1, 2, 24, 6, 28, 15, 4, 35, 44, 13, 39, 34, 8]",0.2880,10.00,150.0,是,320.0,-506.0,0.3500
133,2025/9/15,38,"[12, 23, 1, 2, 25, 24, 6, 4, 15, 35, 13, 34, 39, 8, 31]",0.2890,1.00,15.0,否,-15.0,-521.0,0.3000
134,2025/9/16,47,"[12, 23, 2, 25, 1, 24, 33, 4, 15, 35, 34, 39, 13, 6, 8]",0.2940,1.00,15.0,否,-15.0,-536.0,0.2500
135,2025/9/17,3,"[17, 12, 23, 2, 1, 24, 33, 4, 25, 15, 35, 13, 39, 6, 8]",0.2650,2.00,30.0,否,-30.0,-566.0,0.2500
136,2025/9/18,33,"[17, 23, 2, 24, 1, 25, 12, 33, 42, 4, 35, 39, 6, 13, 34]",0.2710,3.00,45.0,是,96.0,-470.0,0.2500
137,2025/9/19,44,"[17, 23, 1, 42, 2, 25, 12, 4, 24, 39, 35, 34, 48, 6, 13]",0.2790,1.00,15.0,否,-15.0,-485.0,0.2500
138,2025/9/20,38,"[1, 6, 2, 42, 4, 8, 48, 28, 12, 46, 23, 17, 35, 13, 24]",0.2890,1.00,15.0,否,-15.0,-500.0,0.2000
139,2025/9/21,43,"[1, 2, 42, 4, 6, 8, 48, 28, 12, 46, 23, 17, 35, 13, 24]",0.2900,2.00,30.0,否,-30.0,-530.0,0.2000
140,2025/9/22,10,"[1, 42, 4, 2, 6, 8, 47, 48, 28, 12, 46, 23, 35, 24, 13]",0.2960,3.00,45.0,否,-45.0,-575.0,0.1500
141,2025/9/23,41,"[3, 1, 4, 42, 2, 6, 47, 48, 28, 8, 23, 12, 46, 35, 13]",0.2970,5.00,75.0,否,-75.0,-650.0,0.1500
142,2025/9/24,29,"[3, 1, 2, 42, 6, 4, 47, 28, 33, 8, 17, 48, 23, 12, 46]",0.3030,8.00,120.0,否,-120.0,-770.0,0.1500
143,2025/9/25,10,"[3, 1, 44, 2, 6, 4, 47, 42, 33, 28, 8, 17, 48, 12, 46]",0.2730,10.00,150.0,否,-150.0,-920.0,0.1500
144,2025/9/26,31,"[3, 44, 1, 2, 6, 4, 47, 42, 33, 28, 8, 38, 17, 48, 12]",0.2730,10.00,150.0,否,-150.0,-1070.0,0.1000
145,2025/9/27,35,"[3, 44, 1, 6, 8, 4, 43, 42, 33, 28, 38, 47, 48, 12, 17]",0.2680,10.00,150.0,否,-150.0,-1220.0,0.1000
146,2025/9/28,6,"[3, 1, 44, 6, 4, 43, 8, 33, 28, 47, 42, 38, 48, 12, 17]",0.2680,10.00,150.0,是,320.0,-900.0,0.1500
147,2025/9/29,36,"[3, 1, 44, 41, 8, 43, 2, 28, 42, 47, 4, 38, 33, 12, 48]",0.2390,1.00,15.0,否,-15.0,-915.0,0.1500
148,2025/9/30,4,"[3, 1, 44, 41, 8, 43, 2, 42, 47, 4, 38, 33, 12, 17, 48]",0.2490,1.00,15.0,是,32.0,-883.0,0.2000
149,2025/10/1,44,"[10, 3, 44, 8, 41, 43, 1, 42, 47, 2, 33, 12, 38, 17, 48]",0.2740,1.00,15.0,是,32.0,-851.0,0.2500
150,2025/10/2,45,"[10, 3, 8, 41, 43, 42, 1, 2, 47, 33, 12, 48, 38, 17, 23]",0.3050,1.00,15.0,否,-15.0,-866.0,0.2500
151,2025/10/3,9,"[10, 3, 41, 1, 43, 42, 2, 47, 35, 5, 48, 33, 17, 23, 12]",0.3190,1.00,15.0,否,-15.0,-881.0,0.2500
152,2025/10/4,16,"[6, 10, 3, 41, 43, 1, 42, 2, 35, 47, 48, 17, 23, 33, 12]",0.3250,2.00,30.0,否,-30.0,-911.0,0.2000
153,2025/10/5,28,"[6, 10, 3, 41, 43, 1, 42, 35, 2, 47, 48, 17, 33, 12, 28]",0.3260,3.00,45.0,是,96.0,-815.0,0.2500
154,2025/10/6,27,"[10, 4, 6, 3, 41, 43, 42, 1, 35, 47, 48, 29, 17, 33, 12]",0.3390,1.00,15.0,否,-15.0,-830.0,0.2500
155,2025/10/7,42,"[10, 4, 6, 3, 44, 41, 42, 1, 35, 43, 47, 29, 33, 48, 12]",0.3490,1.00,15.0,是,32.0,-798.0,0.3000
156,2025/10/8,47,"[4, 10, 6, 3, 44, 41, 45, 1, 43, 47, 29, 35, 33, 48, 17]",0.3740,1.00,15.0,是,32.0,-766.0,0.3000
157,2025/10/9,41,"[4, 10, 9, 6, 3, 44, 45, 41, 43, 29, 33, 38, 48, 1, 17]",0.3700,1.00,15.0,是,32.0,-734.0,0.3500
158,2025/10/10,45,"[4, 10, 9, 6, 3, 44, 45, 16, 43, 33, 48, 29, 1, 38, 2]",0.4010,1.50,22.5,是,48.0,-686.0,0.4000
159,2025/10/11,41,"[10, 4, 9, 3, 6, 44, 28, 43, 16, 48, 1, 38, 2, 31, 29]",0.4020,1.50,22.5,否,-22.5,-708.5,0.4000
160,2025/10/12,24,"[10, 9, 4, 3, 6, 44, 28, 16, 43, 27, 48, 1, 38, 29, 2]",0.3940,1.00,15.0,否,-15.0,-723.5,0.4000
161,2025/10/13,3,"[10, 9, 4, 6, 3, 44, 42, 28, 16, 43, 27, 48, 38, 29, 1]",0.4000,3.00,45.0,是,96.0,-627.5,0.4500
162,2025/10/14,34,"[4, 10, 9, 6, 47, 44, 42, 1, 28, 16, 43, 27, 38, 29, 2]",0.4190,1.50,22.5,否,-22.5,-650.0,0.4500
163,2025/10/15,14,"[4, 10, 9, 6, 47, 44, 42, 1, 16, 27, 43, 28, 38, 29, 2]",0.4290,1.50,22.5,否,-22.5,-672.5,0.4500
164,2025/10/16,42,"[10, 4, 9, 45, 6, 44, 47, 42, 1, 16, 27, 28, 43, 29, 31]",0.4050,3.00,45.0,是,96.0,-576.5,0.5000
165,2025/10/17,19,"[10, 41, 4, 9, 6, 45, 44, 47, 1, 16, 27, 28, 43, 29, 31]",0.4240,1.50,22.5,否,-22.5,-599.0,0.5000
166,2025/10/18,44,"[10, 41, 4, 9, 6, 45, 44, 47, 1, 16, 24, 27, 28, 43, 31]",0.4040,1.50,22.5,是,48.0,-551.0,0.5000
167,2025/10/19,2,"[3, 10, 4, 41, 6, 45, 9, 16, 47, 24, 27, 43, 28, 1, 31]",0.3940,1.00,15.0,否,-15.0,-566.0,0.5000
168,2025/10/20,47,"[3, 10, 4, 41, 6, 45, 9, 24, 47, 27, 28, 16, 43, 34, 1]",0.3740,1.00,15.0,是,32.0,-534.0,0.5000
169,2025/10/21,18,"[3, 10, 4, 41, 6, 9, 45, 14, 24, 27, 16, 43, 34, 28, 1]",0.3640,1.00,15.0,否,-15.0,-549.0,0.4500
170,2025/10/22,5,"[3, 10, 4, 42, 41, 6, 9, 45, 14, 24, 16, 34, 27, 28, 1]",0.3690,1.00,15.0,否,-15.0,-564.0,0.4500
171,2025/10/23,22,"[3, 4, 42, 6, 41, 9, 45, 10, 14, 24, 16, 34, 27, 19, 1]",0.3750,2.00,30.0,否,-30.0,-594.0,0.4500
172,2025/10/24,44,"[3, 4, 42, 41, 44, 9, 6, 45, 10, 14, 24, 16, 34, 27, 19]",0.3510,3.00,45.0,是,96.0,-498.0,0.5000
173,2025/10/25,23,"[2, 3, 4, 42, 41, 6, 9, 45, 14, 10, 24, 16, 34, 27, 28]",0.3640,1.00,15.0,否,-15.0,-513.0,0.4500
174,2025/10/26,49,"[2, 3, 42, 41, 47, 4, 9, 6, 45, 14, 24, 16, 27, 34, 19]",0.3690,1.00,15.0,否,-15.0,-528.0,0.4500
175,2025/10/27,40,"[2, 3, 47, 42, 41, 4, 9, 6, 45, 14, 24, 16, 34, 18, 27]",0.3450,2.00,30.0,否,-30.0,-558.0,0.4000
176,2025/10/28,5,"[2, 5, 3, 47, 42, 41, 4, 6, 45, 14, 9, 16, 24, 18, 34]",0.3460,3.00,45.0,是,96.0,-462.0,0.4000
177,2025/10/29,22,"[2, 3, 47, 42, 41, 4, 9, 45, 1, 14, 22, 16, 18, 24, 34]",0.3240,1.00,15.0,是,32.0,-430.0,0.4000
178,2025/10/30,15,"[2, 44, 3, 42, 47, 41, 4, 9, 45, 14, 1, 24, 18, 27, 6]",0.3500,1.00,15.0,否,-15.0,-445.0,0.3500
179,2025/10/31,48,"[2, 44, 3, 42, 41, 9, 47, 45, 4, 1, 23, 14, 18, 24, 6]",0.3290,1.00,15.0,否,-15.0,-460.0,0.3500
180,2025/11/1,42,"[2, 44, 3, 41, 42, 9, 47, 45, 49, 4, 1, 23, 14, 24, 16]",0.3350,2.00,30.0,是,64.0,-396.0,0.4000
181,2025/11/2,17,"[2, 3, 44, 40, 47, 41, 9, 49, 4, 23, 1, 14, 45, 24, 16]",0.3540,1.00,15.0,否,-15.0,-411.0,0.3500
182,2025/11/3,20,"[5, 2, 44, 3, 40, 47, 41, 49, 4, 1, 23, 14, 45, 24, 16]",0.3590,1.00,15.0,否,-15.0,-426.0,0.3500
183,2025/11/4,39,"[5, 2, 3, 40, 44, 41, 47, 49, 22, 4, 1, 18, 23, 45, 14]",0.3350,2.00,30.0,否,-30.0,-456.0,0.3500
184,2025/11/5,6,"[5, 2, 3, 40, 44, 41, 49, 47, 22, 15, 4, 1, 14, 23, 45]",0.3410,3.00,45.0,否,-45.0,-501.0,0.3000
185,2025/11/6,16,"[5, 2, 3, 40, 44, 48, 41, 47, 22, 15, 4, 1, 49, 14, 23]",0.3420,5.00,75.0,否,-75.0,-576.0,0.3000
186,2025/11/7,37,"[5, 22, 15, 18, 23, 42, 2, 19, 3, 14, 48, 24, 44, 34, 40]",0.3480,8.00,120.0,否,-120.0,-696.0,0.2500
187,2025/11/8,14,"[22, 15, 17, 5, 18, 23, 42, 2, 14, 3, 48, 24, 44, 34, 19]",0.3130,10.00,150.0,是,320.0,-376.0,0.3000
188,2025/11/9,38,"[15, 17, 5, 22, 18, 42, 23, 2, 19, 20, 3, 24, 48, 44, 40]",0.2840,1.00,15.0,否,-15.0,-391.0,0.2500
189,2025/11/10,23,"[17, 22, 15, 5, 42, 18, 20, 2, 39, 19, 23, 3, 48, 24, 44]",0.2890,1.00,15.0,是,32.0,-359.0,0.3000
190,2025/11/11,4,"[17, 22, 5, 15, 42, 18, 2, 6, 20, 19, 39, 3, 24, 44, 40]",0.3140,1.00,15.0,否,-15.0,-374.0,0.3000
191,2025/11/12,24,"[16, 17, 5, 22, 15, 2, 18, 6, 20, 39, 3, 42, 44, 34, 19]",0.2940,1.00,15.0,否,-15.0,-389.0,0.3000
192,2025/11/13,18,"[6, 16, 22, 15, 17, 5, 20, 2, 37, 18, 39, 42, 44, 34, 19]",0.3000,2.00,30.0,是,64.0,-325.0,0.3000
193,2025/11/14,6,"[14, 6, 16, 15, 22, 5, 17, 37, 39, 2, 42, 20, 44, 19, 40]",0.3140,1.00,15.0,是,32.0,-293.0,0.3500
194,2025/11/15,45,"[14, 16, 22, 5, 17, 15, 37, 38, 2, 42, 20, 44, 39, 19, 40]",0.3450,1.00,15.0,否,-15.0,-308.0,0.3500
195,2025/11/16,28,"[14, 16, 23, 22, 5, 17, 15, 37, 38, 2, 20, 44, 39, 19, 40]",0.3590,1.00,15.0,否,-15.0,-323.0,0.3500
196,2025/11/17,23,"[4, 14, 23, 22, 16, 5, 15, 17, 37, 38, 2, 20, 44, 39, 40]",0.3650,2.00,30.0,是,64.0,-259.0,0.3500
197,2025/11/18,47,"[4, 14, 24, 22, 16, 5, 15, 17, 2, 38, 37, 20, 39, 40, 42]",0.3790,1.00,15.0,否,-15.0,-274.0,0.3000
198,2025/11/19,9,"[18, 4, 24, 5, 16, 22, 14, 15, 38, 37, 17, 20, 39, 40, 42]",0.3540,1.00,15.0,否,-15.0,-289.0,0.3000
199,2025/11/20,15,"[6, 4, 5, 18, 42, 1, 2, 40, 14, 48, 24, 44, 49, 22, 37]",0.3600,2.00,30.0,否,-30.0,-319.0,0.3000
200,2025/11/21,4,"[6, 4, 5, 45, 42, 14, 2, 1, 16, 40, 24, 44, 48, 22, 37]",0.3360,3.00,45.0,是,96.0,-223.0,0.3000
201,2025/11/22,19,"[6, 5, 45, 42, 2, 14, 1, 3, 24, 48, 44, 40, 16, 28, 22]",0.3440,1.00,15.0,否,-15.0,-238.0,0.3000
202,2025/11/23,37,"[6, 5, 45, 23, 42, 2, 14, 1, 3, 48, 44, 16, 40, 24, 22]",0.3540,1.00,15.0,否,-15.0,-253.0,0.3000
203,2025/11/24,3,"[6, 5, 45, 47, 23, 42, 2, 1, 3, 48, 14, 16, 24, 40, 38]",0.3300,2.00,30.0,是,64.0,-189.0,0.3500
204,2025/11/25,17,"[9, 6, 5, 45, 47, 23, 42, 2, 1, 14, 48, 16, 24, 40, 49]",0.3190,1.00,15.0,否,-15.0,-204.0,0.3500
205,2025/11/26,36,"[15, 9, 23, 6, 18, 16, 28, 5, 14, 24, 22, 47, 20, 38, 39]",0.3290,1.00,15.0,否,-15.0,-219.0,0.3500
206,2025/11/27,26,"[4, 15, 23, 6, 18, 16, 9, 24, 5, 14, 28, 22, 47, 20, 38]",0.3350,2.00,30.0,否,-30.0,-249.0,0.3500
207,2025/11/28,26,"[4, 15, 9, 23, 6, 18, 16, 19, 14, 28, 24, 22, 47, 20, 38]",0.3110,3.00,45.0,否,-45.0,-294.0,0.3000
208,2025/11/29,6,"[4, 15, 9, 23, 6, 37, 16, 18, 19, 14, 28, 24, 20, 38, 39]",0.3120,5.00,75.0,是,160.0,-134.0,0.3500
209,2025/11/30,46,"[4, 15, 3, 23, 9, 37, 16, 18, 19, 14, 28, 24, 20, 38, 45]",0.3190,1.00,15.0,否,-15.0,-149.0,0.3000
210,2025/12/1,44,"[4, 17, 3, 23, 15, 9, 37, 16, 19, 14, 28, 24, 18, 38, 20]",0.3240,1.00,15.0,否,-15.0,-164.0,0.3000
211,2025/12/2,17,"[17, 3, 23, 4, 15, 37, 9, 19, 16, 36, 14, 24, 28, 18, 20]",0.3000,2.00,30.0,是,64.0,-100.0,0.3500
212,2025/12/3,9,"[3, 15, 23, 4, 37, 9, 18, 16, 36, 14, 24, 19, 28, 20, 38]",0.3190,1.00,15.0,是,32.0,-68.0,0.3500
213,2025/12/4,8,"[4, 3, 2, 45, 1, 5, 26, 47, 15, 23, 37, 36, 14, 24, 7]",0.3450,1.00,15.0,否,-15.0,-83.0,0.3000
214,2025/12/5,48,"[6, 4, 3, 2, 45, 1, 26, 47, 15, 23, 37, 36, 5, 14, 24]",0.3240,1.00,15.0,否,-15.0,-98.0,0.3000
215,2025/12/6,26,"[6, 4, 3, 46, 2, 45, 26, 1, 47, 23, 15, 37, 36, 14, 5]",0.3300,2.00,30.0,是,64.0,-34.0,0.3500
216,2025/12/7,6,"[6, 4, 3, 44, 46, 2, 45, 1, 47, 23, 37, 15, 36, 14, 24]",0.3490,1.00,15.0,是,32.0,-2.0,0.3500
217,2025/12/8,4,"[3, 4, 44, 46, 17, 2, 45, 1, 5, 47, 23, 36, 37, 14, 28]",0.3750,1.00,15.0,是,32.0,30.0,0.4000
218,2025/12/9,38,"[9, 3, 44, 46, 17, 45, 5, 1, 47, 2, 23, 15, 36, 28, 37]",0.4060,1.50,22.5,否,-22.5,7.5,0.4000
219,2025/12/10,27,"[9, 8, 3, 44, 46, 17, 45, 1, 2, 47, 23, 15, 36, 5, 28]",0.3940,1.00,15.0,否,-15.0,-7.5,0.4000
220,2025/12/11,24,"[9, 8, 3, 44, 48, 46, 17, 1, 47, 2, 45, 15, 36, 23, 28]",0.4000,3.00,45.0,否,-45.0,-52.5,0.3500
221,2025/12/12,3,"[9, 8, 3, 44, 48, 46, 26, 17, 1, 47, 2, 45, 15, 23, 5]",0.4010,4.50,67.5,是,144.0,91.5,0.4000
222,2025/12/13,13,"[6, 9, 8, 44, 48, 46, 26, 17, 1, 47, 2, 45, 15, 5, 36]",0.3840,1.00,15.0,否,-15.0,76.5,0.4000
223,2025/12/14,16,"[6, 4, 8, 9, 44, 48, 46, 26, 17, 1, 45, 15, 47, 36, 5]",0.3640,1.00,15.0,否,-15.0,61.5,0.3500
224,2025/12/15,22,"[4, 6, 26, 17, 9, 15, 19, 38, 23, 8, 28, 48, 36, 37, 44]",0.3650,2.00,30.0,否,-30.0,31.5,0.3500
225,2025/12/16,49,"[4, 6, 26, 17, 27, 9, 19, 15, 38, 23, 8, 28, 36, 37, 44]",0.3710,3.00,45.0,否,-45.0,-13.5,0.3500
226,2025/12/17,4,"[4, 6, 26, 17, 24, 9, 27, 19, 15, 38, 23, 8, 36, 37, 44]",0.3470,5.00,75.0,是,160.0,146.5,0.4000
227,2025/12/18,44,"[3, 26, 6, 24, 17, 9, 27, 15, 19, 38, 8, 36, 37, 44, 46]",0.3240,1.00,15.0,是,32.0,178.5,0.4500
228,2025/12/19,1,"[3, 26, 24, 6, 13, 17, 27, 9, 15, 19, 38, 8, 36, 46, 48]",0.3250,1.00,15.0,否,-15.0,163.5,0.4000
229,2025/12/20,30,"[3, 6, 8, 9, 48, 46, 2, 13, 26, 17, 24, 27, 16, 5, 36]",0.3340,1.00,15.0,否,-15.0,148.5,0.4000
230,2025/12/21,8,"[3, 6, 8, 9, 46, 2, 13, 48, 26, 22, 17, 24, 16, 5, 36]",0.3400,2.00,30.0,是,64.0,212.5,0.4500
231,2025/12/22,24,"[3, 6, 9, 49, 46, 2, 48, 13, 5, 17, 26, 22, 24, 16, 7]",0.3590,1.00,15.0,是,32.0,244.5,0.4500
232,2025/12/23,49,"[4, 3, 6, 9, 49, 46, 48, 2, 13, 17, 26, 22, 27, 16, 5]",0.3550,1.00,15.0,是,32.0,276.5,0.4500
233,2025/12/24,7,"[4, 3, 6, 9, 44, 46, 2, 48, 13, 22, 17, 26, 27, 38, 16]",0.3810,1.00,15.0,否,-15.0,261.5,0.4500
234,2025/12/25,11,"[4, 1, 6, 3, 44, 9, 46, 48, 13, 26, 17, 22, 27, 2, 5]",0.3990,1.00,15.0,否,-15.0,246.5,0.4500
235,2025/12/26,41,"[4, 1, 6, 3, 44, 9, 13, 48, 26, 16, 46, 22, 27, 2, 5]",0.4050,3.00,45.0,否,-45.0,201.5,0.4000
236,2025/12/27,24,"[4, 8, 1, 6, 3, 44, 9, 26, 13, 48, 16, 46, 22, 27, 2]",0.4060,4.50,67.5,否,-67.5,134.0,0.3500
237,2025/12/28,23,"[8, 4, 1, 6, 3, 44, 9, 13, 48, 16, 26, 46, 22, 27, 2]",0.3770,5.00,75.0,否,-75.0,59.0,0.3000
238,2025/12/29,26,"[8, 4, 1, 6, 49, 3, 44, 9, 16, 13, 48, 22, 46, 26, 27]",0.3480,8.00,120.0,是,256.0,315.0,0.3500
239,2025/12/30,12,"[8, 4, 1, 30, 16, 22, 49, 7, 17, 27, 44, 13, 3, 6, 38]",0.3490,1.00,15.0,否,-15.0,300.0,0.3500
240,2025/12/31,26,"[8, 4, 11, 1, 16, 49, 7, 22, 17, 30, 27, 44, 13, 3, 6]",0.3590,1.00,15.0,否,-15.0,285.0,0.3500
241,2026/1/1,29,"[11, 4, 8, 1, 49, 16, 7, 22, 30, 17, 41, 27, 13, 3, 6]",0.3350,2.00,30.0,否,-30.0,255.0,0.3000
242,2026/1/2,22,"[24, 11, 8, 1, 4, 49, 16, 7, 22, 30, 27, 41, 13, 3, 6]",0.3060,3.00,45.0,是,96.0,351.0,0.3500
243,2026/1/3,9,"[24, 11, 8, 23, 4, 1, 16, 7, 30, 27, 41, 13, 49, 3, 38]",0.2890,1.00,15.0,否,-15.0,336.0,0.3500
244,2026/1/4,45,"[24, 11, 23, 4, 1, 16, 3, 30, 27, 49, 41, 13, 7, 8, 6]",0.2990,1.00,15.0,否,-15.0,321.0,0.3500
245,2026/1/5,43,"[24, 12, 4, 23, 1, 3, 16, 11, 49, 41, 30, 27, 13, 7, 8]",0.3050,2.00,30.0,否,-30.0,291.0,0.3500
246,2026/1/6,13,"[24, 26, 12, 4, 23, 1, 3, 16, 11, 49, 30, 27, 7, 13, 6]",0.3110,3.00,45.0,是,96.0,387.0,0.3500
247,2026/1/7,41,"[26, 24, 12, 23, 4, 1, 16, 29, 11, 3, 49, 30, 27, 7, 8]",0.3190,1.00,15.0,否,-15.0,372.0,0.3000
248,2026/1/8,21,"[22, 24, 26, 12, 1, 16, 23, 29, 4, 11, 3, 49, 7, 27, 30]",0.3240,1.00,15.0,否,-15.0,357.0,0.3000
249,2026/1/9,28,"[22, 24, 26, 12, 1, 29, 23, 9, 4, 3, 11, 16, 49, 27, 30]",0.3000,2.00,30.0,否,-30.0,327.0,0.3000
250,2026/1/10,27,"[22, 24, 26, 1, 29, 4, 23, 9, 3, 16, 12, 11, 45, 30, 49]",0.3060,3.00,45.0,否,-45.0,282.0,0.2500
251,2026/1/11,11,"[22, 24, 26, 29, 1, 9, 23, 4, 3, 12, 16, 43, 11, 30, 45]",0.3070,5.00,75.0,是,160.0,442.0,0.2500
252,2026/1/12,11,"[13, 22, 26, 24, 1, 9, 23, 7, 12, 16, 29, 4, 43, 30, 45]",0.3090,1.00,15.0,否,-15.0,427.0,0.2000
253,2026/1/13,1,"[22, 26, 13, 24, 41, 1, 9, 12, 7, 29, 16, 4, 23, 43, 45]",0.2840,1.00,15.0,是,32.0,459.0,0.2500
254,2026/1/14,26,"[22, 21, 13, 26, 24, 41, 7, 12, 4, 8, 29, 23, 43, 45, 9]",0.3090,1.00,15.0,是,32.0,491.0,0.3000
255,2026/1/15,31,"[21, 13, 24, 28, 41, 22, 7, 4, 8, 29, 23, 12, 43, 9, 49]",0.3400,1.00,15.0,否,-15.0,476.0,0.3000
256,2026/1/16,6,"[21, 13, 27, 24, 22, 28, 7, 41, 4, 23, 12, 8, 9, 29, 43]",0.3540,1.00,15.0,否,-15.0,461.0,0.3000
257,2026/1/17,32,"[21, 9, 7, 27, 24, 22, 28, 41, 13, 8, 12, 23, 29, 43, 30]",0.3300,2.00,30.0,否,-30.0,431.0,0.3000
258,2026/1/18,39,"[11, 21, 9, 7, 27, 24, 28, 22, 13, 8, 23, 12, 41, 29, 43]",0.3360,3.00,45.0,否,-45.0,386.0,0.2500
259,2026/1/19,46,"[11, 1, 24, 27, 21, 28, 22, 7, 13, 23, 8, 12, 41, 9, 29]",0.3370,5.00,75.0,否,-75.0,311.0,0.2500
260,2026/1/20,12,"[11, 1, 26, 24, 21, 27, 22, 7, 13, 12, 23, 8, 41, 28, 9]",0.3430,8.00,120.0,是,256.0,567.0,0.3000
261,2026/1/21,42,"[11, 1, 26, 24, 21, 31, 13, 9, 22, 27, 7, 23, 41, 28, 29]",0.3440,1.00,15.0,否,-15.0,552.0,0.3000
262,2026/1/22,18,"[1, 11, 6, 26, 21, 31, 22, 23, 27, 7, 13, 41, 24, 28, 9]",0.3240,1.00,15.0,否,-15.0,537.0,0.2500
263,2026/1/23,47,"[1, 6, 26, 11, 21, 31, 32, 22, 27, 7, 13, 23, 24, 41, 28]",0.3250,2.00,30.0,否,-30.0,507.0,0.2500
264,2026/1/24,28,"[6, 26, 11, 1, 31, 21, 32, 22, 9, 27, 39, 13, 23, 24, 28]",0.3010,3.00,45.0,是,96.0,603.0,0.3000
265,2026/1/25,37,"[6, 26, 1, 11, 31, 21, 32, 22, 9, 39, 27, 13, 23, 46, 24]",0.2840,1.00,15.0,否,-15.0,588.0,0.3000
266,2026/1/26,19,"[6, 26, 12, 1, 11, 32, 21, 22, 9, 39, 13, 31, 27, 23, 46]",0.2940,1.00,15.0,否,-15.0,573.0,0.2500
267,2026/1/27,45,"[26, 12, 1, 11, 6, 32, 21, 39, 22, 9, 42, 31, 13, 27, 23]",0.2950,2.00,30.0,否,-30.0,543.0,0.2500
268,2026/1/28,3,"[12, 26, 18, 1, 6, 11, 21, 39, 9, 27, 31, 42, 22, 13, 32]",0.3010,3.00,45.0,否,-45.0,498.0,0.2500
269,2026/1/29,1,"[6, 1, 9, 42, 46, 12, 47, 41, 4, 2, 26, 11, 43, 31, 32]",0.3070,5.00,75.0,是,160.0,658.0,0.3000
270,2026/1/30,41,"[6, 9, 42, 47, 41, 28, 4, 2, 46, 12, 43, 11, 5, 26, 31]",0.3140,1.00,15.0,是,32.0,690.0,0.3500
271,2026/1/31,26,"[6, 9, 42, 47, 28, 4, 46, 2, 12, 5, 11, 43, 21, 32, 18]",0.3150,1.00,15.0,否,-15.0,675.0,0.3000
272,2026/2/1,6,"[6, 9, 42, 47, 28, 4, 46, 2, 12, 5, 43, 11, 32, 21, 18]",0.3240,1.00,15.0,是,32.0,707.0,0.3500
273,2026/2/2,41,"[9, 45, 42, 47, 4, 2, 28, 46, 7, 12, 5, 43, 11, 21, 27]",0.3490,1.00,15.0,否,-15.0,692.0,0.3000
274,2026/2/3,19,"[3, 45, 42, 4, 46, 2, 47, 28, 12, 7, 43, 5, 11, 27, 31]",0.3540,1.00,15.0,否,-15.0,677.0,0.2500
275,2026/2/4,27,"[1, 3, 42, 45, 4, 2, 47, 46, 12, 43, 11, 28, 5, 27, 31]",0.3250,2.00,30.0,是,64.0,741.0,0.3000
276,2026/2/5,1,"[1, 3, 42, 45, 4, 47, 46, 2, 11, 28, 5, 12, 31, 7, 32]",0.3440,1.00,15.0,是,32.0,773.0,0.3500
277,2026/2/6,43,"[3, 45, 42, 47, 46, 2, 26, 4, 7, 11, 5, 28, 12, 31, 32]",0.3750,1.00,15.0,否,-15.0,758.0,0.3500
278,2026/2/7,42,"[6, 3, 45, 42, 47, 2, 26, 46, 4, 5, 28, 12, 11, 31, 7]",0.3890,1.00,15.0,是,32.0,790.0,0.4000
279,2026/2/8,11,"[6, 3, 41, 45, 26, 46, 2, 4, 47, 5, 28, 12, 11, 31, 7]",0.4140,1.50,22.5,是,48.0,838.0,0.4500
280,2026/2/9,28,"[6, 3, 41, 45, 19, 2, 46, 4, 26, 47, 5, 12, 28, 7, 31]",0.4150,1.50,22.5,是,48.0,886.0,0.4500
281,2026/2/10,36,"[6, 3, 41, 45, 19, 2, 46, 4, 26, 47, 5, 27, 12, 7, 32]",0.4110,1.50,22.5,否,-22.5,863.5,0.4500
282,2026/2/11,16,"[1, 6, 3, 41, 45, 19, 2, 46, 4, 47, 26, 27, 12, 7, 32]",0.4290,1.50,22.5,否,-22.5,841.0,0.4500
283,2026/2/12,13,"[1, 19, 6, 26, 27, 3, 18, 41, 12, 43, 31, 37, 32, 39, 45]",0.4050,3.00,45.0,否,-45.0,796.0,0.4500
284,2026/2/13,19,"[1, 19, 6, 26, 27, 18, 3, 42, 12, 41, 43, 31, 32, 37, 45]",0.4110,4.50,67.5,是,144.0,940.0,0.4500
285,2026/2/14,1,"[1, 11, 6, 27, 26, 18, 3, 42, 12, 41, 43, 31, 32, 37, 45]",0.4190,1.50,22.5,是,48.0,988.0,0.5000
286,2026/2/15,3,"[11, 28, 6, 26, 18, 3, 27, 42, 12, 41, 43, 32, 37, 45, 39]",0.4200,1.50,22.5,是,48.0,1036.0,0.5500
287,2026/2/16,39,"[11, 28, 6, 18, 42, 27, 36, 26, 12, 41, 43, 32, 37, 45, 39]",0.4210,1.50,22.5,是,48.0,1084.0,0.6000
288,2026/2/17,24,"[28, 11, 16, 6, 27, 42, 36, 26, 18, 12, 41, 37, 43, 45, 2]",0.4520,1.50,22.5,否,-22.5,1061.5,0.6000
289,2026/2/18,13,"[11, 28, 16, 13, 6, 27, 26, 36, 12, 42, 41, 18, 37, 43, 45]",0.4440,1.50,22.5,是,48.0,1109.5,0.6000
290,2026/2/19,23,"[19, 28, 16, 6, 11, 27, 26, 36, 12, 42, 41, 18, 37, 43, 45]",0.4340,1.50,22.5,否,-22.5,1087.0,0.5500
291,2026/2/20,1,"[1, 19, 16, 28, 11, 6, 26, 36, 18, 27, 42, 41, 43, 37, 45]",0.4090,1.50,22.5,是,48.0,1135.0,0.6000
292,2026/2/21,38,"[3, 19, 16, 28, 11, 6, 26, 18, 27, 36, 41, 42, 43, 37, 45]",0.4340,1.50,22.5,否,-22.5,1112.5,0.5500
293,2026/2/22,15,"[3, 19, 28, 16, 11, 6, 26, 27, 39, 36, 41, 42, 37, 43, 2]",0.4390,1.50,22.5,否,-22.5,1090.0,0.5500
294,2026/2/23,48,"[3, 19, 28, 24, 16, 11, 6, 26, 27, 39, 41, 36, 37, 42, 43]",0.4450,3.00,45.0,否,-45.0,1045.0,0.5500
295,2026/2/24,14,"[3, 19, 13, 24, 16, 6, 26, 11, 28, 27, 39, 41, 36, 37, 42]",0.4210,4.50,67.5,否,-67.5,977.5,0.5000
296,2026/2/25,48,"[3, 19, 13, 23, 24, 16, 6, 26, 11, 39, 27, 28, 41, 36, 42]",0.3920,5.00,75.0,否,-75.0,902.5,0.4500
297,2026/2/26,23,"[1, 13, 19, 23, 3, 24, 16, 6, 11, 39, 27, 26, 28, 41, 36]",0.3630,8.00,120.0,是,256.0,1158.5,0.5000
298,2026/2/27,31,"[1, 13, 19, 3, 24, 16, 38, 11, 27, 6, 28, 26, 41, 36, 39]",0.3340,1.00,15.0,否,-15.0,1143.5,0.4500
299,2026/2/28,10,"[1, 13, 19, 15, 3, 24, 38, 11, 6, 27, 26, 28, 16, 41, 36]",0.3390,1.00,15.0,否,-15.0,1128.5,0.4000
300,2026/3/1,9,"[1, 15, 19, 13, 3, 24, 38, 11, 27, 6, 26, 16, 28, 41, 36]",0.3100,2.00,30.0,否,-30.0,1098.5,0.3500
