date,period_index,actual_number,hit,hit_position,predictions
2025/5/3,92,45,True,11.0,"[3, 23, 20, 18, 46, 1, 27, 47, 6, 26, 45, 32, 31, 34, 10]"
2025/5/4,93,10,False,,"[3, 23, 20, 18, 1, 47, 26, 6, 36, 27, 46, 32, 31, 34, 42]"
2025/5/5,94,49,False,,"[3, 23, 38, 20, 18, 1, 47, 26, 6, 27, 36, 46, 32, 31, 34]"
2025/5/6,95,2,False,,"[3, 23, 28, 38, 18, 47, 1, 20, 26, 6, 27, 36, 46, 32, 31]"
2025/5/7,96,49,False,,"[3, 6, 1, 47, 46, 4, 38, 5, 24, 23, 42, 18, 20, 26, 7]"
2025/5/8,97,13,False,,"[3, 6, 1, 46, 47, 4, 38, 5, 23, 24, 42, 18, 20, 26, 7]"
2025/5/9,98,40,False,,"[3, 45, 6, 1, 47, 46, 4, 38, 5, 23, 24, 18, 42, 20, 26]"
2025/5/10,99,23,True,10.0,"[3, 10, 45, 1, 6, 46, 47, 4, 24, 23, 38, 18, 42, 26, 28]"
2025/5/11,100,47,True,7.0,"[10, 3, 45, 1, 6, 46, 47, 4, 24, 38, 18, 27, 5, 26, 33]"
2025/5/12,101,2,True,1.0,"[2, 10, 3, 45, 6, 46, 1, 38, 24, 18, 27, 4, 5, 33, 26]"
2025/5/13,102,10,True,1.0,"[10, 3, 45, 6, 49, 46, 1, 4, 38, 24, 18, 27, 5, 26, 7]"
2025/5/14,103,14,False,,"[3, 45, 6, 49, 1, 46, 4, 13, 5, 24, 38, 33, 18, 26, 7]"
2025/5/15,104,37,False,,"[3, 45, 49, 1, 46, 40, 6, 4, 13, 5, 24, 38, 33, 18, 26]"
2025/5/16,105,9,False,,"[3, 45, 49, 1, 46, 40, 6, 4, 5, 23, 13, 24, 38, 33, 18]"
2025/5/17,106,36,False,,"[3, 47, 45, 49, 1, 40, 46, 4, 6, 23, 5, 13, 24, 33, 38]"
2025/5/18,107,41,False,,"[2, 3, 47, 45, 49, 1, 40, 23, 4, 46, 13, 5, 24, 38, 6]"
2025/5/19,108,14,False,,"[2, 10, 3, 47, 45, 49, 1, 40, 23, 4, 13, 46, 24, 38, 28]"
2025/5/20,109,11,False,,"[2, 10, 47, 3, 45, 49, 1, 23, 40, 4, 13, 46, 24, 38, 28]"
2025/5/21,110,13,True,11.0,"[2, 10, 47, 3, 45, 49, 1, 40, 23, 4, 13, 46, 24, 38, 28]"
2025/5/22,111,44,False,,"[2, 10, 23, 24, 9, 28, 37, 3, 38, 33, 47, 45, 49, 40, 15]"
2025/5/23,112,10,True,1.0,"[10, 2, 23, 36, 24, 9, 28, 37, 3, 38, 33, 47, 49, 40, 15]"
2025/5/24,113,25,False,,"[9, 23, 2, 36, 24, 28, 37, 3, 41, 38, 33, 47, 49, 40, 15]"
2025/5/25,114,17,False,,"[14, 9, 2, 23, 36, 24, 37, 28, 3, 41, 33, 47, 49, 40, 15]"
2025/5/26,115,14,True,1.0,"[14, 9, 2, 11, 23, 36, 24, 41, 33, 47, 28, 37, 49, 1, 40]"
2025/5/27,116,32,False,,"[13, 11, 2, 36, 9, 23, 24, 41, 33, 28, 47, 37, 49, 1, 40]"
2025/5/28,117,2,True,3.0,"[13, 11, 2, 9, 23, 36, 41, 24, 44, 28, 37, 49, 33, 1, 40]"
2025/5/29,118,41,True,13.0,"[10, 13, 11, 9, 23, 24, 44, 28, 36, 49, 37, 33, 41, 1, 40]"
2025/5/30,119,40,True,14.0,"[10, 13, 11, 25, 9, 23, 24, 44, 28, 36, 49, 37, 33, 40, 1]"
2025/5/31,120,38,False,,"[10, 9, 49, 44, 1, 3, 13, 47, 4, 11, 45, 23, 25, 36, 6]"
2025/6/1,121,10,True,1.0,"[10, 9, 49, 44, 3, 14, 1, 47, 13, 4, 45, 25, 23, 36, 6]"
2025/6/2,122,43,False,,"[9, 44, 3, 49, 14, 1, 47, 13, 4, 45, 5, 25, 23, 32, 6]"
2025/6/3,123,26,False,,"[2, 9, 3, 44, 49, 14, 1, 47, 4, 13, 25, 23, 32, 6, 17]"
2025/6/4,124,45,False,,"[2, 9, 41, 3, 44, 14, 49, 1, 47, 13, 4, 25, 32, 23, 17]"
2025/6/5,125,18,False,,"[2, 9, 40, 41, 44, 14, 3, 1, 47, 13, 4, 25, 32, 49, 23]"
2025/6/6,126,23,True,15.0,"[2, 9, 40, 41, 14, 44, 3, 1, 4, 47, 13, 25, 32, 49, 23]"
2025/6/7,127,5,False,,"[10, 2, 9, 40, 41, 14, 3, 1, 44, 47, 25, 13, 32, 17, 4]"
2025/6/8,128,31,False,,"[10, 2, 40, 9, 41, 43, 14, 3, 1, 44, 25, 47, 11, 32, 17]"
2025/6/9,129,11,True,12.0,"[10, 2, 9, 41, 43, 40, 14, 3, 1, 44, 26, 11, 47, 32, 25]"
2025/6/10,130,16,False,,"[10, 14, 26, 2, 17, 9, 25, 38, 13, 32, 43, 41, 45, 36, 40]"
2025/6/11,131,1,False,,"[10, 18, 2, 14, 26, 17, 25, 13, 9, 32, 43, 41, 45, 38, 36]"
2025/6/12,132,23,True,3.0,"[10, 18, 23, 14, 2, 26, 17, 13, 9, 25, 41, 43, 32, 45, 38]"
2025/6/13,133,13,True,9.0,"[5, 18, 10, 14, 26, 2, 17, 25, 13, 41, 32, 45, 38, 9, 36]"
2025/6/14,134,47,False,,"[5, 18, 10, 17, 31, 26, 14, 2, 25, 32, 45, 41, 9, 38, 36]"
2025/6/15,135,41,True,12.0,"[11, 5, 10, 18, 17, 31, 26, 14, 2, 25, 32, 41, 38, 9, 43]"
2025/6/16,136,9,False,,"[11, 5, 16, 10, 17, 31, 2, 26, 14, 25, 18, 32, 43, 38, 36]"
2025/6/17,137,16,True,15.0,"[1, 5, 10, 2, 43, 11, 45, 3, 40, 44, 14, 26, 31, 25, 16]"
2025/6/18,138,7,False,,"[1, 11, 23, 10, 18, 17, 31, 2, 14, 26, 25, 5, 32, 38, 40]"
2025/6/19,139,33,False,,"[1, 10, 5, 2, 11, 13, 23, 45, 43, 3, 40, 44, 31, 26, 25]"
2025/6/20,140,47,True,5.0,"[1, 10, 5, 2, 47, 13, 23, 43, 11, 3, 40, 45, 44, 31, 26]"
2025/6/21,141,36,False,,"[1, 10, 5, 2, 41, 23, 43, 11, 13, 3, 40, 45, 44, 31, 26]"
2025/6/22,142,38,False,,"[1, 10, 9, 5, 2, 41, 23, 11, 43, 13, 45, 40, 31, 26, 25]"
2025/6/23,143,39,False,,"[1, 9, 5, 41, 2, 10, 16, 43, 23, 11, 45, 40, 31, 26, 13]"
2025/6/24,144,30,False,,"[1, 7, 9, 5, 41, 2, 16, 10, 23, 43, 11, 45, 40, 26, 31]"
2025/6/25,145,36,False,,"[16, 23, 1, 41, 5, 33, 7, 2, 9, 26, 13, 11, 31, 18, 14]"
2025/6/26,146,4,False,,"[16, 23, 1, 47, 33, 18, 7, 5, 9, 2, 26, 13, 41, 11, 31]"
2025/6/27,147,27,False,,"[16, 23, 1, 33, 47, 18, 5, 7, 2, 26, 41, 13, 11, 31, 9]"
2025/6/28,148,24,False,,"[16, 7, 38, 23, 1, 33, 5, 47, 18, 13, 26, 41, 11, 9, 31]"
2025/6/29,149,29,False,,"[16, 38, 1, 7, 23, 33, 5, 47, 18, 39, 11, 26, 13, 9, 31]"
2025/6/30,150,23,True,6.0,"[16, 30, 38, 7, 1, 23, 5, 47, 18, 39, 11, 33, 26, 13, 9]"
2025/7/1,151,42,False,,"[16, 36, 30, 7, 1, 5, 18, 38, 26, 47, 33, 11, 39, 31, 13]"
2025/7/2,152,33,True,10.0,"[16, 4, 30, 36, 1, 5, 38, 18, 47, 33, 11, 26, 39, 13, 31]"
2025/7/3,153,28,False,,"[4, 27, 16, 36, 30, 1, 5, 18, 11, 47, 39, 26, 13, 7, 31]"
2025/7/4,154,5,True,8.0,"[4, 24, 27, 16, 1, 36, 30, 5, 18, 47, 11, 13, 7, 31, 9]"
2025/7/5,155,8,False,,"[4, 24, 27, 16, 29, 36, 1, 7, 30, 18, 47, 13, 11, 9, 31]"
2025/7/6,156,45,False,,"[23, 4, 24, 16, 27, 1, 29, 7, 36, 30, 13, 11, 47, 31, 9]"
2025/7/7,157,15,False,,"[23, 24, 16, 4, 27, 29, 1, 7, 36, 30, 13, 11, 42, 47, 31]"
2025/7/8,158,17,False,,"[23, 16, 24, 33, 4, 29, 27, 1, 7, 30, 36, 13, 42, 11, 47]"
2025/7/9,159,18,False,,"[23, 16, 33, 4, 28, 24, 29, 27, 1, 7, 36, 30, 42, 11, 47]"
2025/7/10,160,29,True,10.0,"[23, 5, 16, 33, 4, 28, 24, 27, 1, 29, 36, 30, 42, 47, 13]"
2025/7/11,161,45,False,,"[5, 23, 33, 4, 28, 16, 24, 27, 8, 1, 36, 30, 42, 47, 13]"
2025/7/12,162,24,True,7.0,"[5, 23, 33, 28, 16, 4, 24, 27, 7, 8, 36, 30, 13, 47, 38]"
2025/7/13,163,29,False,,"[5, 15, 33, 28, 4, 23, 7, 8, 27, 16, 36, 30, 13, 47, 38]"
2025/7/14,164,25,False,,"[5, 15, 17, 33, 23, 4, 8, 27, 28, 16, 7, 36, 30, 47, 38]"
2025/7/15,165,14,False,,"[15, 17, 18, 5, 33, 4, 23, 8, 16, 27, 28, 7, 36, 30, 38]"
2025/7/16,166,34,False,,"[15, 17, 18, 5, 4, 33, 23, 28, 16, 27, 7, 36, 30, 8, 38]"
2025/7/17,167,43,False,,"[15, 17, 18, 5, 33, 4, 45, 23, 28, 16, 27, 7, 36, 30, 8]"
2025/7/18,168,10,False,,"[24, 17, 15, 18, 5, 4, 33, 45, 23, 27, 28, 7, 36, 30, 8]"
2025/7/19,169,47,False,,"[29, 24, 15, 18, 17, 5, 4, 8, 45, 33, 23, 27, 28, 36, 30]"
2025/7/20,170,47,False,,"[29, 24, 15, 17, 18, 25, 4, 8, 45, 5, 23, 27, 28, 36, 33]"
2025/7/21,171,20,False,,"[4, 5, 8, 45, 1, 29, 24, 14, 2, 42, 15, 23, 7, 3, 17]"
2025/7/22,172,18,True,7.0,"[29, 14, 24, 15, 17, 25, 18, 5, 34, 23, 4, 8, 27, 45, 28]"
2025/7/25,173,30,False,,"[29, 14, 24, 25, 17, 15, 34, 5, 23, 4, 8, 43, 28, 45, 27]"
2025/7/26,174,1,False,,"[29, 24, 14, 25, 15, 34, 10, 17, 5, 4, 8, 23, 43, 45, 28]"
2025/7/27,175,10,True,1.0,"[10, 5, 4, 8, 45, 43, 14, 29, 2, 42, 24, 15, 34, 23, 3]"
2025/7/28,176,24,True,10.0,"[5, 4, 8, 47, 45, 43, 29, 2, 14, 24, 42, 3, 15, 34, 7]"
2025/7/29,177,9,False,,"[5, 8, 47, 45, 43, 2, 4, 3, 29, 14, 42, 15, 25, 34, 20]"
2025/7/30,178,13,False,,"[5, 8, 47, 45, 18, 43, 2, 4, 3, 14, 29, 42, 25, 34, 7]"
2025/7/31,179,15,False,,"[5, 8, 47, 45, 18, 43, 2, 4, 3, 14, 42, 29, 25, 34, 20]"
2025/8/1,180,2,False,,"[18, 1, 20, 29, 30, 17, 47, 14, 8, 5, 25, 23, 34, 28, 45]"
2025/8/2,181,18,True,1.0,"[18, 10, 1, 20, 29, 30, 17, 25, 5, 14, 34, 28, 47, 45, 33]"
2025/8/3,182,11,False,,"[10, 1, 24, 20, 29, 17, 30, 25, 14, 5, 47, 28, 45, 34, 33]"
2025/8/4,183,15,False,,"[10, 1, 24, 29, 20, 30, 17, 9, 25, 14, 5, 47, 34, 45, 28]"
2025/8/5,184,21,False,,"[10, 1, 24, 13, 29, 20, 9, 17, 25, 30, 5, 14, 47, 34, 45]"
2025/8/6,185,23,False,,"[10, 24, 13, 29, 1, 20, 9, 17, 25, 30, 14, 8, 47, 34, 45]"
2025/8/7,186,46,False,,"[2, 24, 13, 10, 29, 1, 20, 9, 25, 17, 30, 14, 34, 45, 47]"
2025/8/8,187,23,False,,"[18, 2, 24, 13, 10, 29, 1, 9, 25, 17, 30, 14, 20, 34, 47]"
2025/8/9,188,9,True,14.0,"[18, 2, 24, 11, 10, 13, 29, 1, 25, 30, 14, 20, 34, 9, 47]"
2025/8/10,189,8,False,,"[15, 18, 2, 10, 24, 11, 1, 29, 13, 25, 30, 20, 34, 47, 14]"
2025/8/11,190,8,False,,"[15, 18, 2, 10, 24, 11, 21, 1, 29, 13, 30, 25, 20, 34, 47]"
2025/8/12,191,43,False,,"[15, 18, 11, 24, 10, 21, 2, 1, 13, 25, 30, 20, 34, 29, 47]"
2025/8/13,192,25,False,,"[10, 2, 1, 47, 46, 4, 15, 3, 18, 24, 21, 5, 11, 13, 41]"
2025/8/14,193,16,False,,"[10, 2, 1, 47, 46, 4, 3, 15, 23, 18, 21, 5, 24, 11, 13]"
2025/8/15,194,32,False,,"[9, 10, 2, 1, 46, 47, 3, 15, 23, 18, 21, 4, 5, 24, 11]"
2025/8/16,195,31,False,,"[9, 10, 2, 1, 46, 47, 3, 15, 23, 18, 21, 4, 5, 24, 11]"
2025/8/17,196,40,False,,"[8, 9, 10, 1, 2, 46, 47, 15, 23, 18, 21, 4, 5, 3, 24]"
2025/8/18,197,15,True,9.0,"[8, 9, 10, 1, 43, 2, 46, 47, 15, 23, 18, 21, 5, 3, 24]"
2025/8/19,198,2,True,5.0,"[8, 9, 10, 1, 2, 43, 47, 46, 23, 18, 21, 11, 5, 3, 24]"
2025/8/20,199,39,False,,"[8, 9, 1, 10, 43, 47, 46, 3, 23, 18, 21, 11, 5, 16, 24]"
2025/8/21,200,38,False,,"[8, 16, 18, 23, 9, 25, 32, 1, 21, 11, 24, 13, 43, 10, 30]"
2025/8/22,201,42,False,,"[16, 8, 18, 23, 9, 25, 31, 32, 1, 21, 11, 24, 13, 43, 30]"
2025/8/23,202,37,False,,"[16, 8, 18, 23, 9, 25, 31, 32, 21, 1, 11, 40, 13, 24, 30]"
2025/8/24,203,13,True,13.0,"[15, 16, 8, 9, 23, 31, 32, 21, 25, 1, 11, 40, 13, 18, 24]"
2025/8/25,204,42,False,,"[15, 2, 8, 16, 23, 31, 9, 32, 18, 21, 25, 40, 11, 24, 1]"
2025/8/26,205,39,True,10.0,"[2, 15, 16, 8, 23, 31, 18, 9, 25, 39, 21, 11, 40, 32, 24]"
2025/8/27,206,2,True,1.0,"[2, 15, 16, 23, 8, 18, 9, 25, 38, 21, 40, 11, 31, 32, 24]"
2025/8/28,207,46,False,,"[15, 16, 23, 8, 9, 25, 21, 38, 18, 11, 31, 32, 40, 43, 1]"
2025/8/29,208,4,True,8.0,"[8, 9, 1, 43, 15, 40, 3, 4, 23, 31, 21, 32, 11, 2, 25]"
2025/8/30,209,28,False,,"[8, 9, 1, 43, 40, 3, 15, 5, 23, 31, 32, 13, 21, 11, 25]"
2025/8/31,210,1,True,4.0,"[8, 9, 42, 1, 40, 43, 3, 15, 5, 23, 31, 13, 11, 25, 10]"
2025/9/1,211,34,False,,"[8, 9, 42, 3, 40, 5, 43, 15, 39, 6, 23, 11, 13, 25, 10]"
2025/9/2,212,8,True,2.0,"[2, 8, 9, 42, 3, 15, 43, 5, 39, 40, 23, 11, 25, 13, 41]"
2025/9/3,213,24,False,,"[2, 9, 42, 46, 3, 5, 43, 39, 13, 6, 15, 40, 25, 23, 10]"
2025/9/4,214,44,False,,"[2, 4, 42, 9, 46, 3, 5, 43, 13, 39, 40, 15, 23, 25, 31]"
2025/9/5,215,6,False,,"[2, 4, 46, 9, 42, 3, 39, 5, 13, 43, 40, 28, 15, 25, 23]"
2025/9/6,216,25,True,14.0,"[2, 1, 4, 46, 42, 9, 3, 13, 39, 43, 28, 40, 15, 25, 31]"
2025/9/7,217,12,False,,"[1, 2, 4, 9, 42, 46, 3, 13, 28, 39, 40, 43, 15, 31, 34]"
2025/9/8,218,35,False,,"[8, 1, 2, 4, 42, 9, 46, 13, 28, 39, 43, 40, 15, 31, 3]"
2025/9/9,219,23,False,,"[8, 1, 24, 2, 28, 15, 34, 13, 16, 39, 31, 42, 4, 32, 37]"
2025/9/10,220,33,False,,"[8, 1, 24, 2, 15, 28, 34, 16, 13, 39, 31, 44, 4, 42, 32]"
2025/9/11,221,17,False,,"[2, 24, 1, 15, 4, 6, 28, 34, 8, 16, 13, 39, 44, 42, 31]"
2025/9/12,222,42,False,,"[25, 24, 2, 1, 15, 4, 6, 28, 8, 16, 13, 44, 39, 34, 31]"
2025/9/13,223,48,False,,"[12, 24, 25, 1, 2, 4, 6, 15, 28, 16, 13, 44, 39, 34, 8]"
2025/9/14,224,28,True,7.0,"[12, 25, 1, 2, 24, 6, 28, 15, 4, 35, 44, 13, 39, 34, 8]"
2025/9/15,225,38,False,,"[12, 23, 1, 2, 25, 24, 6, 4, 15, 35, 13, 34, 39, 8, 31]"
2025/9/16,226,47,False,,"[12, 23, 2, 25, 1, 24, 33, 4, 15, 35, 34, 39, 13, 6, 8]"
2025/9/17,227,3,False,,"[17, 12, 23, 2, 1, 24, 33, 4, 25, 15, 35, 13, 39, 6, 8]"
2025/9/18,228,33,True,8.0,"[17, 23, 2, 24, 1, 25, 12, 33, 42, 4, 35, 39, 6, 13, 34]"
2025/9/19,229,44,False,,"[17, 23, 1, 42, 2, 25, 12, 4, 24, 39, 35, 34, 48, 6, 13]"
2025/9/20,230,38,False,,"[1, 6, 2, 42, 4, 8, 48, 28, 12, 46, 23, 17, 35, 13, 24]"
2025/9/21,231,43,False,,"[1, 2, 42, 4, 6, 8, 48, 28, 12, 46, 23, 17, 35, 13, 24]"
2025/9/22,232,10,False,,"[1, 42, 4, 2, 6, 8, 47, 48, 28, 12, 46, 23, 35, 24, 13]"
2025/9/23,233,41,False,,"[3, 1, 4, 42, 2, 6, 47, 48, 28, 8, 23, 12, 46, 35, 13]"
2025/9/24,234,29,False,,"[3, 1, 2, 42, 6, 4, 47, 28, 33, 8, 17, 48, 23, 12, 46]"
2025/9/25,235,10,False,,"[3, 1, 44, 2, 6, 4, 47, 42, 33, 28, 8, 17, 48, 12, 46]"
2025/9/26,236,31,False,,"[3, 44, 1, 2, 6, 4, 47, 42, 33, 28, 8, 38, 17, 48, 12]"
2025/9/27,237,35,False,,"[3, 44, 1, 6, 8, 4, 43, 42, 33, 28, 38, 47, 48, 12, 17]"
2025/9/28,238,6,True,4.0,"[3, 1, 44, 6, 4, 43, 8, 33, 28, 47, 42, 38, 48, 12, 17]"
2025/9/29,239,36,False,,"[3, 1, 44, 41, 8, 43, 2, 28, 42, 47, 4, 38, 33, 12, 48]"
2025/9/30,240,4,True,10.0,"[3, 1, 44, 41, 8, 43, 2, 42, 47, 4, 38, 33, 12, 17, 48]"
2025/10/1,241,44,True,3.0,"[10, 3, 44, 8, 41, 43, 1, 42, 47, 2, 33, 12, 38, 17, 48]"
2025/10/2,242,45,False,,"[10, 3, 8, 41, 43, 42, 1, 2, 47, 33, 12, 48, 38, 17, 23]"
2025/10/3,243,9,False,,"[10, 3, 41, 1, 43, 42, 2, 47, 35, 5, 48, 33, 17, 23, 12]"
2025/10/4,244,16,False,,"[6, 10, 3, 41, 43, 1, 42, 2, 35, 47, 48, 17, 23, 33, 12]"
2025/10/5,245,28,True,15.0,"[6, 10, 3, 41, 43, 1, 42, 35, 2, 47, 48, 17, 33, 12, 28]"
2025/10/6,246,27,False,,"[10, 4, 6, 3, 41, 43, 42, 1, 35, 47, 48, 29, 17, 33, 12]"
2025/10/7,247,42,True,7.0,"[10, 4, 6, 3, 44, 41, 42, 1, 35, 43, 47, 29, 33, 48, 12]"
2025/10/8,248,47,True,10.0,"[4, 10, 6, 3, 44, 41, 45, 1, 43, 47, 29, 35, 33, 48, 17]"
2025/10/9,249,41,True,8.0,"[4, 10, 9, 6, 3, 44, 45, 41, 43, 29, 33, 38, 48, 1, 17]"
2025/10/10,250,45,True,7.0,"[4, 10, 9, 6, 3, 44, 45, 16, 43, 33, 48, 29, 1, 38, 2]"
2025/10/11,251,41,False,,"[10, 4, 9, 3, 6, 44, 28, 43, 16, 48, 1, 38, 2, 31, 29]"
2025/10/12,252,24,False,,"[10, 9, 4, 3, 6, 44, 28, 16, 43, 27, 48, 1, 38, 29, 2]"
2025/10/13,253,3,True,5.0,"[10, 9, 4, 6, 3, 44, 42, 28, 16, 43, 27, 48, 38, 29, 1]"
2025/10/14,254,34,False,,"[4, 10, 9, 6, 47, 44, 42, 1, 28, 16, 43, 27, 38, 29, 2]"
2025/10/15,255,14,False,,"[4, 10, 9, 6, 47, 44, 42, 1, 16, 27, 43, 28, 38, 29, 2]"
2025/10/16,256,42,True,8.0,"[10, 4, 9, 45, 6, 44, 47, 42, 1, 16, 27, 28, 43, 29, 31]"
2025/10/17,257,19,False,,"[10, 41, 4, 9, 6, 45, 44, 47, 1, 16, 27, 28, 43, 29, 31]"
2025/10/18,258,44,True,7.0,"[10, 41, 4, 9, 6, 45, 44, 47, 1, 16, 24, 27, 28, 43, 31]"
2025/10/19,259,2,False,,"[3, 10, 4, 41, 6, 45, 9, 16, 47, 24, 27, 43, 28, 1, 31]"
2025/10/20,260,47,True,9.0,"[3, 10, 4, 41, 6, 45, 9, 24, 47, 27, 28, 16, 43, 34, 1]"
2025/10/21,261,18,False,,"[3, 10, 4, 41, 6, 9, 45, 14, 24, 27, 16, 43, 34, 28, 1]"
2025/10/22,262,5,False,,"[3, 10, 4, 42, 41, 6, 9, 45, 14, 24, 16, 34, 27, 28, 1]"
2025/10/23,263,22,False,,"[3, 4, 42, 6, 41, 9, 45, 10, 14, 24, 16, 34, 27, 19, 1]"
2025/10/24,264,44,True,5.0,"[3, 4, 42, 41, 44, 9, 6, 45, 10, 14, 24, 16, 34, 27, 19]"
2025/10/25,265,23,False,,"[2, 3, 4, 42, 41, 6, 9, 45, 14, 10, 24, 16, 34, 27, 28]"
2025/10/26,266,49,False,,"[2, 3, 42, 41, 47, 4, 9, 6, 45, 14, 24, 16, 27, 34, 19]"
2025/10/27,267,40,False,,"[2, 3, 47, 42, 41, 4, 9, 6, 45, 14, 24, 16, 34, 18, 27]"
2025/10/28,268,5,True,2.0,"[2, 5, 3, 47, 42, 41, 4, 6, 45, 14, 9, 16, 24, 18, 34]"
2025/10/29,269,22,True,11.0,"[2, 3, 47, 42, 41, 4, 9, 45, 1, 14, 22, 16, 18, 24, 34]"
2025/10/30,270,15,False,,"[2, 44, 3, 42, 47, 41, 4, 9, 45, 14, 1, 24, 18, 27, 6]"
2025/10/31,271,48,False,,"[2, 44, 3, 42, 41, 9, 47, 45, 4, 1, 23, 14, 18, 24, 6]"
2025/11/1,272,42,True,5.0,"[2, 44, 3, 41, 42, 9, 47, 45, 49, 4, 1, 23, 14, 24, 16]"
2025/11/2,273,17,False,,"[2, 3, 44, 40, 47, 41, 9, 49, 4, 23, 1, 14, 45, 24, 16]"
2025/11/3,274,20,False,,"[5, 2, 44, 3, 40, 47, 41, 49, 4, 1, 23, 14, 45, 24, 16]"
2025/11/4,275,39,False,,"[5, 2, 3, 40, 44, 41, 47, 49, 22, 4, 1, 18, 23, 45, 14]"
2025/11/5,276,6,False,,"[5, 2, 3, 40, 44, 41, 49, 47, 22, 15, 4, 1, 14, 23, 45]"
2025/11/6,277,16,False,,"[5, 2, 3, 40, 44, 48, 41, 47, 22, 15, 4, 1, 49, 14, 23]"
2025/11/7,278,37,False,,"[5, 22, 15, 18, 23, 42, 2, 19, 3, 14, 48, 24, 44, 34, 40]"
2025/11/8,279,14,True,9.0,"[22, 15, 17, 5, 18, 23, 42, 2, 14, 3, 48, 24, 44, 34, 19]"
2025/11/9,280,38,False,,"[15, 17, 5, 22, 18, 42, 23, 2, 19, 20, 3, 24, 48, 44, 40]"
2025/11/10,281,23,True,11.0,"[17, 22, 15, 5, 42, 18, 20, 2, 39, 19, 23, 3, 48, 24, 44]"
2025/11/11,282,4,False,,"[17, 22, 5, 15, 42, 18, 2, 6, 20, 19, 39, 3, 24, 44, 40]"
2025/11/12,283,24,False,,"[16, 17, 5, 22, 15, 2, 18, 6, 20, 39, 3, 42, 44, 34, 19]"
2025/11/13,284,18,True,10.0,"[6, 16, 22, 15, 17, 5, 20, 2, 37, 18, 39, 42, 44, 34, 19]"
2025/11/14,285,6,True,2.0,"[14, 6, 16, 15, 22, 5, 17, 37, 39, 2, 42, 20, 44, 19, 40]"
2025/11/15,286,45,False,,"[14, 16, 22, 5, 17, 15, 37, 38, 2, 42, 20, 44, 39, 19, 40]"
2025/11/16,287,28,False,,"[14, 16, 23, 22, 5, 17, 15, 37, 38, 2, 20, 44, 39, 19, 40]"
2025/11/17,288,23,True,3.0,"[4, 14, 23, 22, 16, 5, 15, 17, 37, 38, 2, 20, 44, 39, 40]"
2025/11/18,289,47,False,,"[4, 14, 24, 22, 16, 5, 15, 17, 2, 38, 37, 20, 39, 40, 42]"
2025/11/19,290,9,False,,"[18, 4, 24, 5, 16, 22, 14, 15, 38, 37, 17, 20, 39, 40, 42]"
2025/11/20,291,15,False,,"[6, 4, 5, 18, 42, 1, 2, 40, 14, 48, 24, 44, 49, 22, 37]"
2025/11/21,292,4,True,2.0,"[6, 4, 5, 45, 42, 14, 2, 1, 16, 40, 24, 44, 48, 22, 37]"
2025/11/22,293,19,False,,"[6, 5, 45, 42, 2, 14, 1, 3, 24, 48, 44, 40, 16, 28, 22]"
2025/11/23,294,37,False,,"[6, 5, 45, 23, 42, 2, 14, 1, 3, 48, 44, 16, 40, 24, 22]"
2025/11/24,295,3,True,9.0,"[6, 5, 45, 47, 23, 42, 2, 1, 3, 48, 14, 16, 24, 40, 38]"
2025/11/25,296,17,False,,"[9, 6, 5, 45, 47, 23, 42, 2, 1, 14, 48, 16, 24, 40, 49]"
2025/11/26,297,36,False,,"[15, 9, 23, 6, 18, 16, 28, 5, 14, 24, 22, 47, 20, 38, 39]"
2025/11/27,298,26,False,,"[4, 15, 23, 6, 18, 16, 9, 24, 5, 14, 28, 22, 47, 20, 38]"
2025/11/28,299,26,False,,"[4, 15, 9, 23, 6, 18, 16, 19, 14, 28, 24, 22, 47, 20, 38]"
2025/11/29,300,6,True,5.0,"[4, 15, 9, 23, 6, 37, 16, 18, 19, 14, 28, 24, 20, 38, 39]"
2025/11/30,301,46,False,,"[4, 15, 3, 23, 9, 37, 16, 18, 19, 14, 28, 24, 20, 38, 45]"
2025/12/1,302,44,False,,"[4, 17, 3, 23, 15, 9, 37, 16, 19, 14, 28, 24, 18, 38, 20]"
2025/12/2,303,17,True,1.0,"[17, 3, 23, 4, 15, 37, 9, 19, 16, 36, 14, 24, 28, 18, 20]"
2025/12/3,304,9,True,6.0,"[3, 15, 23, 4, 37, 9, 18, 16, 36, 14, 24, 19, 28, 20, 38]"
2025/12/4,305,8,False,,"[4, 3, 2, 45, 1, 5, 26, 47, 15, 23, 37, 36, 14, 24, 7]"
2025/12/5,306,48,False,,"[6, 4, 3, 2, 45, 1, 26, 47, 15, 23, 37, 36, 5, 14, 24]"
2025/12/6,307,26,True,7.0,"[6, 4, 3, 46, 2, 45, 26, 1, 47, 23, 15, 37, 36, 14, 5]"
2025/12/7,308,6,True,1.0,"[6, 4, 3, 44, 46, 2, 45, 1, 47, 23, 37, 15, 36, 14, 24]"
2025/12/8,309,4,True,2.0,"[3, 4, 44, 46, 17, 2, 45, 1, 5, 47, 23, 36, 37, 14, 28]"
2025/12/9,310,38,False,,"[9, 3, 44, 46, 17, 45, 5, 1, 47, 2, 23, 15, 36, 28, 37]"
2025/12/10,311,27,False,,"[9, 8, 3, 44, 46, 17, 45, 1, 2, 47, 23, 15, 36, 5, 28]"
2025/12/11,312,24,False,,"[9, 8, 3, 44, 48, 46, 17, 1, 47, 2, 45, 15, 36, 23, 28]"
2025/12/12,313,3,True,3.0,"[9, 8, 3, 44, 48, 46, 26, 17, 1, 47, 2, 45, 15, 23, 5]"
2025/12/13,314,13,False,,"[6, 9, 8, 44, 48, 46, 26, 17, 1, 47, 2, 45, 15, 5, 36]"
2025/12/14,315,16,False,,"[6, 4, 8, 9, 44, 48, 46, 26, 17, 1, 45, 15, 47, 36, 5]"
2025/12/15,316,22,False,,"[4, 6, 26, 17, 9, 15, 19, 38, 23, 8, 28, 48, 36, 37, 44]"
2025/12/16,317,49,False,,"[4, 6, 26, 17, 27, 9, 19, 15, 38, 23, 8, 28, 36, 37, 44]"
2025/12/17,318,4,True,1.0,"[4, 6, 26, 17, 24, 9, 27, 19, 15, 38, 23, 8, 36, 37, 44]"
2025/12/18,319,44,True,14.0,"[3, 26, 6, 24, 17, 9, 27, 15, 19, 38, 8, 36, 37, 44, 46]"
2025/12/19,320,1,False,,"[3, 26, 24, 6, 13, 17, 27, 9, 15, 19, 38, 8, 36, 46, 48]"
2025/12/20,321,30,False,,"[3, 6, 8, 9, 48, 46, 2, 13, 26, 17, 24, 27, 16, 5, 36]"
2025/12/21,322,8,True,3.0,"[3, 6, 8, 9, 46, 2, 13, 48, 26, 22, 17, 24, 16, 5, 36]"
2025/12/22,323,24,True,13.0,"[3, 6, 9, 49, 46, 2, 48, 13, 5, 17, 26, 22, 24, 16, 7]"
2025/12/23,324,49,True,5.0,"[4, 3, 6, 9, 49, 46, 48, 2, 13, 17, 26, 22, 27, 16, 5]"
2025/12/24,325,7,False,,"[4, 3, 6, 9, 44, 46, 2, 48, 13, 22, 17, 26, 27, 38, 16]"
2025/12/25,326,11,False,,"[4, 1, 6, 3, 44, 9, 46, 48, 13, 26, 17, 22, 27, 2, 5]"
2025/12/26,327,41,False,,"[4, 1, 6, 3, 44, 9, 13, 48, 26, 16, 46, 22, 27, 2, 5]"
2025/12/27,328,24,False,,"[4, 8, 1, 6, 3, 44, 9, 26, 13, 48, 16, 46, 22, 27, 2]"
2025/12/28,329,23,False,,"[8, 4, 1, 6, 3, 44, 9, 13, 48, 16, 26, 46, 22, 27, 2]"
2025/12/29,330,26,True,14.0,"[8, 4, 1, 6, 49, 3, 44, 9, 16, 13, 48, 22, 46, 26, 27]"
2025/12/30,331,12,False,,"[8, 4, 1, 30, 16, 22, 49, 7, 17, 27, 44, 13, 3, 6, 38]"
2025/12/31,332,26,False,,"[8, 4, 11, 1, 16, 49, 7, 22, 17, 30, 27, 44, 13, 3, 6]"
2026/1/1,333,29,False,,"[11, 4, 8, 1, 49, 16, 7, 22, 30, 17, 41, 27, 13, 3, 6]"
2026/1/2,334,22,True,9.0,"[24, 11, 8, 1, 4, 49, 16, 7, 22, 30, 27, 41, 13, 3, 6]"
2026/1/3,335,9,False,,"[24, 11, 8, 23, 4, 1, 16, 7, 30, 27, 41, 13, 49, 3, 38]"
2026/1/4,336,45,False,,"[24, 11, 23, 4, 1, 16, 3, 30, 27, 49, 41, 13, 7, 8, 6]"
2026/1/5,337,43,False,,"[24, 12, 4, 23, 1, 3, 16, 11, 49, 41, 30, 27, 13, 7, 8]"
2026/1/6,338,13,True,14.0,"[24, 26, 12, 4, 23, 1, 3, 16, 11, 49, 30, 27, 7, 13, 6]"
2026/1/7,339,41,False,,"[26, 24, 12, 23, 4, 1, 16, 29, 11, 3, 49, 30, 27, 7, 8]"
2026/1/8,340,21,False,,"[22, 24, 26, 12, 1, 16, 23, 29, 4, 11, 3, 49, 7, 27, 30]"
2026/1/9,341,28,False,,"[22, 24, 26, 12, 1, 29, 23, 9, 4, 3, 11, 16, 49, 27, 30]"
2026/1/10,342,27,False,,"[22, 24, 26, 1, 29, 4, 23, 9, 3, 16, 12, 11, 45, 30, 49]"
2026/1/11,343,11,True,13.0,"[22, 24, 26, 29, 1, 9, 23, 4, 3, 12, 16, 43, 11, 30, 45]"
2026/1/12,344,11,False,,"[13, 22, 26, 24, 1, 9, 23, 7, 12, 16, 29, 4, 43, 30, 45]"
2026/1/13,345,1,True,6.0,"[22, 26, 13, 24, 41, 1, 9, 12, 7, 29, 16, 4, 23, 43, 45]"
2026/1/14,346,26,True,4.0,"[22, 21, 13, 26, 24, 41, 7, 12, 4, 8, 29, 23, 43, 45, 9]"
2026/1/15,347,31,False,,"[21, 13, 24, 28, 41, 22, 7, 4, 8, 29, 23, 12, 43, 9, 49]"
2026/1/16,348,6,False,,"[21, 13, 27, 24, 22, 28, 7, 41, 4, 23, 12, 8, 9, 29, 43]"
2026/1/17,349,32,False,,"[21, 9, 7, 27, 24, 22, 28, 41, 13, 8, 12, 23, 29, 43, 30]"
2026/1/18,350,39,False,,"[11, 21, 9, 7, 27, 24, 28, 22, 13, 8, 23, 12, 41, 29, 43]"
2026/1/19,351,46,False,,"[11, 1, 24, 27, 21, 28, 22, 7, 13, 23, 8, 12, 41, 9, 29]"
2026/1/20,352,12,True,10.0,"[11, 1, 26, 24, 21, 27, 22, 7, 13, 12, 23, 8, 41, 28, 9]"
2026/1/21,353,42,False,,"[11, 1, 26, 24, 21, 31, 13, 9, 22, 27, 7, 23, 41, 28, 29]"
2026/1/22,354,18,False,,"[1, 11, 6, 26, 21, 31, 22, 23, 27, 7, 13, 41, 24, 28, 9]"
2026/1/23,355,47,False,,"[1, 6, 26, 11, 21, 31, 32, 22, 27, 7, 13, 23, 24, 41, 28]"
2026/1/24,356,28,True,15.0,"[6, 26, 11, 1, 31, 21, 32, 22, 9, 27, 39, 13, 23, 24, 28]"
2026/1/25,357,37,False,,"[6, 26, 1, 11, 31, 21, 32, 22, 9, 39, 27, 13, 23, 46, 24]"
2026/1/26,358,19,False,,"[6, 26, 12, 1, 11, 32, 21, 22, 9, 39, 13, 31, 27, 23, 46]"
2026/1/27,359,45,False,,"[26, 12, 1, 11, 6, 32, 21, 39, 22, 9, 42, 31, 13, 27, 23]"
2026/1/28,360,3,False,,"[12, 26, 18, 1, 6, 11, 21, 39, 9, 27, 31, 42, 22, 13, 32]"
2026/1/29,361,1,True,2.0,"[6, 1, 9, 42, 46, 12, 47, 41, 4, 2, 26, 11, 43, 31, 32]"
2026/1/30,362,41,True,5.0,"[6, 9, 42, 47, 41, 28, 4, 2, 46, 12, 43, 11, 5, 26, 31]"
2026/1/31,363,26,False,,"[6, 9, 42, 47, 28, 4, 46, 2, 12, 5, 11, 43, 21, 32, 18]"
2026/2/1,364,6,True,1.0,"[6, 9, 42, 47, 28, 4, 46, 2, 12, 5, 43, 11, 32, 21, 18]"
2026/2/2,365,41,False,,"[9, 45, 42, 47, 4, 2, 28, 46, 7, 12, 5, 43, 11, 21, 27]"
2026/2/3,366,19,False,,"[3, 45, 42, 4, 46, 2, 47, 28, 12, 7, 43, 5, 11, 27, 31]"
2026/2/4,367,27,True,14.0,"[1, 3, 42, 45, 4, 2, 47, 46, 12, 43, 11, 28, 5, 27, 31]"
2026/2/5,368,1,True,1.0,"[1, 3, 42, 45, 4, 47, 46, 2, 11, 28, 5, 12, 31, 7, 32]"
2026/2/6,369,43,False,,"[3, 45, 42, 47, 46, 2, 26, 4, 7, 11, 5, 28, 12, 31, 32]"
2026/2/7,370,42,True,4.0,"[6, 3, 45, 42, 47, 2, 26, 46, 4, 5, 28, 12, 11, 31, 7]"
2026/2/8,371,11,True,13.0,"[6, 3, 41, 45, 26, 46, 2, 4, 47, 5, 28, 12, 11, 31, 7]"
2026/2/9,372,28,True,13.0,"[6, 3, 41, 45, 19, 2, 46, 4, 26, 47, 5, 12, 28, 7, 31]"
2026/2/10,373,36,False,,"[6, 3, 41, 45, 19, 2, 46, 4, 26, 47, 5, 27, 12, 7, 32]"
2026/2/11,374,16,False,,"[1, 6, 3, 41, 45, 19, 2, 46, 4, 47, 26, 27, 12, 7, 32]"
2026/2/12,375,13,False,,"[1, 19, 6, 26, 27, 3, 18, 41, 12, 43, 31, 37, 32, 39, 45]"
2026/2/13,376,19,True,2.0,"[1, 19, 6, 26, 27, 18, 3, 42, 12, 41, 43, 31, 32, 37, 45]"
2026/2/14,377,1,True,1.0,"[1, 11, 6, 27, 26, 18, 3, 42, 12, 41, 43, 31, 32, 37, 45]"
2026/2/15,378,3,True,6.0,"[11, 28, 6, 26, 18, 3, 27, 42, 12, 41, 43, 32, 37, 45, 39]"
2026/2/16,379,39,True,15.0,"[11, 28, 6, 18, 42, 27, 36, 26, 12, 41, 43, 32, 37, 45, 39]"
2026/2/17,380,24,False,,"[28, 11, 16, 6, 27, 42, 36, 26, 18, 12, 41, 37, 43, 45, 2]"
2026/2/18,381,13,True,4.0,"[11, 28, 16, 13, 6, 27, 26, 36, 12, 42, 41, 18, 37, 43, 45]"
2026/2/19,382,23,False,,"[19, 28, 16, 6, 11, 27, 26, 36, 12, 42, 41, 18, 37, 43, 45]"
2026/2/20,383,1,True,1.0,"[1, 19, 16, 28, 11, 6, 26, 36, 18, 27, 42, 41, 43, 37, 45]"
2026/2/21,384,38,False,,"[3, 19, 16, 28, 11, 6, 26, 18, 27, 36, 41, 42, 43, 37, 45]"
2026/2/22,385,15,False,,"[3, 19, 28, 16, 11, 6, 26, 27, 39, 36, 41, 42, 37, 43, 2]"
2026/2/23,386,48,False,,"[3, 19, 28, 24, 16, 11, 6, 26, 27, 39, 41, 36, 37, 42, 43]"
2026/2/24,387,14,False,,"[3, 19, 13, 24, 16, 6, 26, 11, 28, 27, 39, 41, 36, 37, 42]"
2026/2/25,388,48,False,,"[3, 19, 13, 23, 24, 16, 6, 26, 11, 39, 27, 28, 41, 36, 42]"
2026/2/26,389,23,True,4.0,"[1, 13, 19, 23, 3, 24, 16, 6, 11, 39, 27, 26, 28, 41, 36]"
2026/2/27,390,31,False,,"[1, 13, 19, 3, 24, 16, 38, 11, 27, 6, 28, 26, 41, 36, 39]"
2026/2/28,391,10,False,,"[1, 13, 19, 15, 3, 24, 38, 11, 6, 27, 26, 28, 16, 41, 36]"
